dataset,entity_type,entity_id,entity_name,metric,value,unit,year,confidence,scope_or_basis,source,url,note
grid,region,us-pjm,"PJM, US",ci,387.6,gCO2/kWh,2024,estimated,lifecycle,"Ember - US Electricity Data (state-level yearly, long format)",https://ember-energy.org/data/us-electricity-data/,"PJM proxy = generation-weighted aggregate of states wholly/mostly inside PJM (PA, NJ, MD, DE, DC, VA, WV, OH); excludes PJM portions of IL (ComEd), IN, KY, MI, NC. PJM also publishes a direct-emissions system average in its annual Emissions Report (not used, different basis). Computed as sum(emissions)/sum(generation) over Ember state rows (bulk CSV https://storage.googleapis.com/emb-prod-bkt-publicdata/public-downloads/us_yearly_full_release_long_format.csv). 2025: 393.8."
grid,region,us-pjm,"PJM, US",fos,0.6779,fraction,2024,estimated,,"Ember - US Electricity Data (state-level yearly, long format)",https://ember-energy.org/data/us-electricity-data/,"PJM proxy = generation-weighted aggregate of states wholly/mostly inside PJM (PA, NJ, MD, DE, DC, VA, WV, OH); excludes PJM portions of IL (ComEd), IN, KY, MI, NC. PJM also publishes a direct-emissions system average in its annual Emissions Report (not used, different basis). Fossil GWh / total GWh. 2025: 0.6767."
grid,region,us-pjm,"PJM, US",dec,0.0211,fraction/yr,2024,estimated,,"Ember - US Electricity Data (state-level yearly, long format)",https://ember-energy.org/data/us-electricity-data/,"CI 2015 469.5 -> 2024 387.6 gCO2/kWh (same state aggregate); CAGR over 9 yrs, derived by us."
grid,region,us-npw,"Pacific NW, US",ci,160.7,gCO2/kWh,2024,estimated,lifecycle,"Ember - US Electricity Data (state-level yearly, long format)",https://ember-energy.org/data/us-electricity-data/,Pacific NW proxy = WA+OR+ID in-state generation (approx. BPA/Northwest footprint). Hydro-dominated; CI swings with the water year. Computed as sum(emissions)/sum(generation) over Ember state rows (bulk CSV https://storage.googleapis.com/emb-prod-bkt-publicdata/public-downloads/us_yearly_full_release_long_format.csv). 2025: 148.4.
grid,region,us-npw,"Pacific NW, US",fos,0.2787,fraction,2024,estimated,,"Ember - US Electricity Data (state-level yearly, long format)",https://ember-energy.org/data/us-electricity-data/,Pacific NW proxy = WA+OR+ID in-state generation (approx. BPA/Northwest footprint). Hydro-dominated; CI swings with the water year. Fossil GWh / total GWh. 2025: 0.2505.
grid,region,us-npw,"Pacific NW, US",dec,-0.0109,fraction/yr,2024,estimated,,"Ember - US Electricity Data (state-level yearly, long format)",https://ember-energy.org/data/us-electricity-data/,"CI 2015 145.7 -> 2024 160.7 gCO2/kWh (same state aggregate); CAGR over 9 yrs, derived by us. Negative = CI rose; 2015 and 2024 hydro conditions differ, trend is noisy."
grid,region,us-miso,"MISO, US",ci,413.7,gCO2/kWh,2024,estimated,lifecycle,"Ember - US Electricity Data (state-level yearly, long format)",https://ember-energy.org/data/us-electricity-data/,"MISO proxy = states mostly inside MISO (MN, IA, WI, MI, IN, AR, LA, MS); excludes split states IL (Ameren zone), MO, ND, KY, TX. Computed as sum(emissions)/sum(generation) over Ember state rows (bulk CSV https://storage.googleapis.com/emb-prod-bkt-publicdata/public-downloads/us_yearly_full_release_long_format.csv). 2025: 419.4."
grid,region,us-miso,"MISO, US",fos,0.6852,fraction,2024,estimated,,"Ember - US Electricity Data (state-level yearly, long format)",https://ember-energy.org/data/us-electricity-data/,"MISO proxy = states mostly inside MISO (MN, IA, WI, MI, IN, AR, LA, MS); excludes split states IL (Ameren zone), MO, ND, KY, TX. Fossil GWh / total GWh. 2025: 0.673."
grid,region,us-miso,"MISO, US",dec,0.0243,fraction/yr,2024,estimated,,"Ember - US Electricity Data (state-level yearly, long format)",https://ember-energy.org/data/us-electricity-data/,"CI 2015 516.0 -> 2024 413.7 gCO2/kWh (same state aggregate); CAGR over 9 yrs, derived by us."
grid,region,us-ercot,"ERCOT, US",ci,356.0,gCO2/kWh,2024,estimated,lifecycle,"Ember - US Electricity Data (state-level yearly, long format)",https://ember-energy.org/data/us-electricity-data/,"ERCOT proxy = Texas state total; ~90% of Texas load is in ERCOT, remainder in SPP/MISO/WECC. Computed as sum(emissions)/sum(generation) over Ember state rows (bulk CSV https://storage.googleapis.com/emb-prod-bkt-publicdata/public-downloads/us_yearly_full_release_long_format.csv). 2025: 342.5."
grid,region,us-ercot,"ERCOT, US",fos,0.6322,fraction,2024,measured,,"Ember - US Electricity Data (state-level yearly, long format)",https://ember-energy.org/data/us-electricity-data/,"ERCOT proxy = Texas state total; ~90% of Texas load is in ERCOT, remainder in SPP/MISO/WECC. Fossil GWh / total GWh. 2025: 0.6019."
grid,region,us-ercot,"ERCOT, US",dec,0.0346,fraction/yr,2024,estimated,,"Ember - US Electricity Data (state-level yearly, long format)",https://ember-energy.org/data/us-electricity-data/,"CI 2015 488.7 -> 2024 356.0 gCO2/kWh (same state aggregate); CAGR over 9 yrs, derived by us."
grid,region,us-az,"Arizona, US",ci,298.6,gCO2/kWh,2024,estimated,lifecycle,"Ember - US Electricity Data (state-level yearly, long format)",https://ember-energy.org/data/us-electricity-data/,"Arizona state in-state generation (includes Palo Verde nuclear, much of which is exported). Computed as sum(emissions)/sum(generation) over Ember state rows (bulk CSV https://storage.googleapis.com/emb-prod-bkt-publicdata/public-downloads/us_yearly_full_release_long_format.csv). 2025: 283.0."
grid,region,us-az,"Arizona, US",fos,0.5327,fraction,2024,measured,,"Ember - US Electricity Data (state-level yearly, long format)",https://ember-energy.org/data/us-electricity-data/,"Arizona state in-state generation (includes Palo Verde nuclear, much of which is exported). Fossil GWh / total GWh. 2025: 0.5017."
grid,region,us-az,"Arizona, US",dec,0.0348,fraction/yr,2024,estimated,,"Ember - US Electricity Data (state-level yearly, long format)",https://ember-energy.org/data/us-electricity-data/,"CI 2015 410.6 -> 2024 298.6 gCO2/kWh (same state aggregate); CAGR over 9 yrs, derived by us."
grid,region,us-ca,"CAISO, US",ci,199.6,gCO2/kWh,2024,estimated,lifecycle,"Ember - US Electricity Data (state-level yearly, long format)",https://ember-energy.org/data/us-electricity-data/,"CAISO proxy = California in-state generation; EXCLUDES imports (roughly a quarter or more of CA supply), so it differs from consumption-based CI. Computed as sum(emissions)/sum(generation) over Ember state rows (bulk CSV https://storage.googleapis.com/emb-prod-bkt-publicdata/public-downloads/us_yearly_full_release_long_format.csv). 2025: 177.1."
grid,region,us-ca,"CAISO, US",fos,0.3528,fraction,2024,measured,,"Ember - US Electricity Data (state-level yearly, long format)",https://ember-energy.org/data/us-electricity-data/,"CAISO proxy = California in-state generation; EXCLUDES imports (roughly a quarter or more of CA supply), so it differs from consumption-based CI. Fossil GWh / total GWh. 2025: 0.3035."
grid,region,us-ca,"CAISO, US",dec,0.0468,fraction/yr,2024,estimated,,"Ember - US Electricity Data (state-level yearly, long format)",https://ember-energy.org/data/us-electricity-data/,"CI 2015 307.2 -> 2024 199.6 gCO2/kWh (same state aggregate); CAGR over 9 yrs, derived by us."
grid,region,us-se,"Southeast, US",ci,292.9,gCO2/kWh,2024,estimated,lifecycle,"Ember - US Electricity Data (state-level yearly, long format)",https://ember-energy.org/data/us-electricity-data/,"Southeast proxy = NC+SC (Duke Energy Carolinas/Progress footprint). NC alone: CI 2024 316.7, fossil 53.7%. Computed as sum(emissions)/sum(generation) over Ember state rows (bulk CSV https://storage.googleapis.com/emb-prod-bkt-publicdata/public-downloads/us_yearly_full_release_long_format.csv). 2025: 291.5."
grid,region,us-se,"Southeast, US",fos,0.4756,fraction,2024,estimated,,"Ember - US Electricity Data (state-level yearly, long format)",https://ember-energy.org/data/us-electricity-data/,"Southeast proxy = NC+SC (Duke Energy Carolinas/Progress footprint). NC alone: CI 2024 316.7, fossil 53.7%. Fossil GWh / total GWh. 2025: 0.4686."
grid,region,us-se,"Southeast, US",dec,0.0223,fraction/yr,2024,estimated,,"Ember - US Electricity Data (state-level yearly, long format)",https://ember-energy.org/data/us-electricity-data/,"CI 2015 358.8 -> 2024 292.9 gCO2/kWh (same state aggregate); CAGR over 9 yrs, derived by us."
grid,region,ie,Ireland,ci,270.91,gCO2/kWh,2024,estimated,lifecycle,"Ember - Yearly Electricity Data (global, long format)",https://ember-energy.org/data/yearly-electricity-data/,"National power-sector CO2 intensity of generation. Ember applies IPCC lifecycle emission factors to reported generation by fuel (bulk CSV: https://storage.googleapis.com/emb-prod-bkt-publicdata/public-downloads/yearly_full_release_long_format.csv); Ember also lists a 2025 value of 255.9 (latest year, may include estimates)."
grid,region,ie,Ireland,fos,0.5347,fraction,2024,measured,,"Ember - Yearly Electricity Data (global, long format)",https://ember-energy.org/data/yearly-electricity-data/,"Fossil (coal+gas+other fossil) share of national generation, 53.47%. 2025: 51.79%."
grid,region,ie,Ireland,dec,0.0524,fraction/yr,2024,estimated,,"Ember - Yearly Electricity Data (global, long format)",https://ember-energy.org/data/yearly-electricity-data/,"CI 2015 439.79 -> 2024 270.91 gCO2/kWh; compound annual rate of decline over 9 yrs, derived by us."
grid,region,sg,Singapore,ci,498.74,gCO2/kWh,2024,estimated,lifecycle,"Ember - Yearly Electricity Data (global, long format)",https://ember-energy.org/data/yearly-electricity-data/,"National power-sector CO2 intensity of generation. Ember applies IPCC lifecycle emission factors to reported generation by fuel (bulk CSV: https://storage.googleapis.com/emb-prod-bkt-publicdata/public-downloads/yearly_full_release_long_format.csv); Ember also lists a 2025 value of 497.09 (latest year, may include estimates)."
grid,region,sg,Singapore,fos,0.9507,fraction,2024,measured,,"Ember - Yearly Electricity Data (global, long format)",https://ember-energy.org/data/yearly-electricity-data/,"Fossil (coal+gas+other fossil) share of national generation, 95.07%. 2025: 94.51%."
grid,region,sg,Singapore,dec,0.0018,fraction/yr,2024,estimated,,"Ember - Yearly Electricity Data (global, long format)",https://ember-energy.org/data/yearly-electricity-data/,"CI 2015 506.96 -> 2024 498.74 gCO2/kWh; compound annual rate of decline over 9 yrs, derived by us."
grid,region,cn-north,North China grid,ci,636.1,gCO2/kWh,2023,measured,direct,Ministry of Ecology and Environment (MEE) & National Bureau of Statistics - Announcement on 2023 electricity CO2 emission factors (关于发布2023年电力二氧化碳排放因子的公告),https://www.mee.gov.cn/xxgk2018/xxgk/xxgk01/202512/t20251231_1139517.html,"North China (华北) regional grid average factor 0.6361 kgCO2/kWh; direct combustion CO2, consumption-based (accounts for inter-regional flows). Provincial: Inner Mongolia 0.6479, Beijing 0.5554, Hebei 0.6516. Not directly comparable with Ember lifecycle values (Ember China national 2023 = 583.3 lifecycle vs MEE national 530.6 direct)."
grid,region,cn-north,North China grid,fos,0.7552,fraction,2024,measured,,"NBS provincial industrial-scale generation by source (规模以上工业发电量), Inner Mongolia 2024, as compiled by Huajing Industry Research Institute",https://www.huaon.com/channel/distdata/1050597.html,"Thermal (火电) share of Inner Mongolia generation 2024: 6177 of 8179.7 亿kWh = 75.5% (wind 20.1%, solar 3.8%, hydro 0.6%). Chinese ""thermal"" includes small biomass/waste volumes. Inner Mongolia used as proxy for the North China grid; no 华北 regional fossil share found. Beijing generates little (almost all gas) and imports most power."
grid,region,cn-north,North China grid,dec,0.0201,fraction/yr,2024,estimated,,"Ember - Yearly Electricity Data (global, long format)",https://ember-energy.org/data/yearly-electricity-data/,"PROXY: Ember China NATIONAL CI 2015 667.95 -> 2024 556.27 gCO2/kWh (lifecycle). No consistent multi-year regional series found; MEE 华北 factor fell 0.6776 (2022, https://www.mee.gov.cn/xxgk2018/xxgk/xxgk01/202412/t20241226_1099413.html) -> 0.6361 (2023), -6.1% in one year; older NDRC regional factors use a different method."
grid,region,cn-cent,Central China grid,ci,589.7,gCO2/kWh,2023,measured,direct,Ministry of Ecology and Environment (MEE) & National Bureau of Statistics - Announcement on 2023 electricity CO2 emission factors (关于发布2023年电力二氧化碳排放因子的公告),https://www.mee.gov.cn/xxgk2018/xxgk/xxgk01/202512/t20251231_1139517.html,"Henan PROVINCIAL average factor 0.5897 kgCO2/kWh (site in Zhengzhou); direct, consumption-based. The Central China (华中) regional factor is 0.5271, pulled down by hydro-rich Hubei (0.4044); Henan chosen as more representative of the site. 华中 2022 = 0.5395."
grid,region,cn-cent,Central China grid,fos,0.787,fraction,2024,estimated,,Henan Provincial Bureau of Statistics - 2024 Statistical Communique on National Economic and Social Development (2024年河南省国民经济和社会发展统计公报),https://tjj.henan.gov.cn/2025/04-02/3143962.html,"Communique: renewables were 21.3% of industrial-scale generation (721.72 of 3388.23 亿kWh). Henan has no nuclear, so fossil = 1 - 0.213 = 0.787 (derived by us). Cross-check: NBS thermal (火电, incl. biomass) share 82.6%."
grid,region,cn-cent,Central China grid,dec,0.0201,fraction/yr,2024,estimated,,"Ember - Yearly Electricity Data (global, long format)",https://ember-energy.org/data/yearly-electricity-data/,"PROXY: Ember China NATIONAL CI 2015 667.95 -> 2024 556.27 gCO2/kWh (lifecycle). MEE 华中 factor 0.5395 (2022) -> 0.5271 (2023), -2.3% in one year."
grid,region,tw,Taiwan,ci,636.23,gCO2/kWh,2024,estimated,lifecycle,"Ember - Yearly Electricity Data (global, long format)",https://ember-energy.org/data/yearly-electricity-data/,"National power-sector CO2 intensity of generation. Ember applies IPCC lifecycle emission factors to reported generation by fuel (bulk CSV: https://storage.googleapis.com/emb-prod-bkt-publicdata/public-downloads/yearly_full_release_long_format.csv); Ember also lists a 2025 value of 634.07 (latest year, may include estimates)."
grid,region,tw,Taiwan,fos,0.8487,fraction,2024,measured,,"Ember - Yearly Electricity Data (global, long format)",https://ember-energy.org/data/yearly-electricity-data/,"Fossil (coal+gas+other fossil) share of national generation, 84.87%. 2025: 86.48%."
grid,region,tw,Taiwan,dec,0.0025,fraction/yr,2024,estimated,,"Ember - Yearly Electricity Data (global, long format)",https://ember-energy.org/data/yearly-electricity-data/,"CI 2015 650.5 -> 2024 636.23 gCO2/kWh; compound annual rate of decline over 9 yrs, derived by us."
grid,region,kr,South Korea,ci,415.62,gCO2/kWh,2024,estimated,lifecycle,"Ember - Yearly Electricity Data (global, long format)",https://ember-energy.org/data/yearly-electricity-data/,"National power-sector CO2 intensity of generation. Ember applies IPCC lifecycle emission factors to reported generation by fuel (bulk CSV: https://storage.googleapis.com/emb-prod-bkt-publicdata/public-downloads/yearly_full_release_long_format.csv); Ember also lists a 2025 value of 417.14 (latest year, may include estimates)."
grid,region,kr,South Korea,fos,0.6011,fraction,2024,measured,,"Ember - Yearly Electricity Data (global, long format)",https://ember-energy.org/data/yearly-electricity-data/,"Fossil (coal+gas+other fossil) share of national generation, 60.11%. 2025: 60.04%."
grid,region,kr,South Korea,dec,0.0176,fraction/yr,2024,estimated,,"Ember - Yearly Electricity Data (global, long format)",https://ember-energy.org/data/yearly-electricity-data/,"CI 2015 487.64 -> 2024 415.62 gCO2/kWh; compound annual rate of decline over 9 yrs, derived by us."
grid,region,jp,Japan,ci,483.58,gCO2/kWh,2024,estimated,lifecycle,"Ember - Yearly Electricity Data (global, long format)",https://ember-energy.org/data/yearly-electricity-data/,"National power-sector CO2 intensity of generation. Ember applies IPCC lifecycle emission factors to reported generation by fuel (bulk CSV: https://storage.googleapis.com/emb-prod-bkt-publicdata/public-downloads/yearly_full_release_long_format.csv); Ember also lists a 2025 value of 477.37 (latest year, may include estimates)."
grid,region,jp,Japan,fos,0.6872,fraction,2024,measured,,"Ember - Yearly Electricity Data (global, long format)",https://ember-energy.org/data/yearly-electricity-data/,"Fossil (coal+gas+other fossil) share of national generation, 68.72%. 2025: 67.3%."
grid,region,jp,Japan,dec,0.0196,fraction/yr,2024,estimated,,"Ember - Yearly Electricity Data (global, long format)",https://ember-energy.org/data/yearly-electricity-data/,"CI 2015 578.14 -> 2024 483.58 gCO2/kWh; compound annual rate of decline over 9 yrs, derived by us."
grid,region,nl,Netherlands,ci,250.72,gCO2/kWh,2024,estimated,lifecycle,"Ember - Yearly Electricity Data (global, long format)",https://ember-energy.org/data/yearly-electricity-data/,"National power-sector CO2 intensity of generation. Ember applies IPCC lifecycle emission factors to reported generation by fuel (bulk CSV: https://storage.googleapis.com/emb-prod-bkt-publicdata/public-downloads/yearly_full_release_long_format.csv); Ember also lists a 2025 value of 253.56 (latest year, may include estimates)."
grid,region,nl,Netherlands,fos,0.4635,fraction,2024,measured,,"Ember - Yearly Electricity Data (global, long format)",https://ember-energy.org/data/yearly-electricity-data/,"Fossil (coal+gas+other fossil) share of national generation, 46.35%. 2025: 45.85%."
grid,region,nl,Netherlands,dec,0.0839,fraction/yr,2024,estimated,,"Ember - Yearly Electricity Data (global, long format)",https://ember-energy.org/data/yearly-electricity-data/,"CI 2015 551.43 -> 2024 250.72 gCO2/kWh; compound annual rate of decline over 9 yrs, derived by us."
grid,region,de,Germany,ci,337.12,gCO2/kWh,2024,estimated,lifecycle,"Ember - Yearly Electricity Data (global, long format)",https://ember-energy.org/data/yearly-electricity-data/,"National power-sector CO2 intensity of generation. Ember applies IPCC lifecycle emission factors to reported generation by fuel (bulk CSV: https://storage.googleapis.com/emb-prod-bkt-publicdata/public-downloads/yearly_full_release_long_format.csv); Ember also lists a 2025 value of 329.65 (latest year, may include estimates)."
grid,region,de,Germany,fos,0.4136,fraction,2024,measured,,"Ember - Yearly Electricity Data (global, long format)",https://ember-energy.org/data/yearly-electricity-data/,"Fossil (coal+gas+other fossil) share of national generation, 41.36%. 2025: 40.91%."
grid,region,de,Germany,dec,0.0436,fraction/yr,2024,estimated,,"Ember - Yearly Electricity Data (global, long format)",https://ember-energy.org/data/yearly-electricity-data/,"CI 2015 503.59 -> 2024 337.12 gCO2/kWh; compound annual rate of decline over 9 yrs, derived by us."
grid,region,uk,United Kingdom,ci,216.5,gCO2/kWh,2024,estimated,lifecycle,"Ember - Yearly Electricity Data (global, long format)",https://ember-energy.org/data/yearly-electricity-data/,"National power-sector CO2 intensity of generation. Ember applies IPCC lifecycle emission factors to reported generation by fuel (bulk CSV: https://storage.googleapis.com/emb-prod-bkt-publicdata/public-downloads/yearly_full_release_long_format.csv); Ember also lists a 2025 value of 217.41 (latest year, may include estimates)."
grid,region,uk,United Kingdom,fos,0.3507,fraction,2024,measured,,"Ember - Yearly Electricity Data (global, long format)",https://ember-energy.org/data/yearly-electricity-data/,"Fossil (coal+gas+other fossil) share of national generation, 35.07%. 2025: 35.58%."
grid,region,uk,United Kingdom,dec,0.0654,fraction/yr,2024,estimated,,"Ember - Yearly Electricity Data (global, long format)",https://ember-energy.org/data/yearly-electricity-data/,"CI 2015 397.79 -> 2024 216.5 gCO2/kWh; compound annual rate of decline over 9 yrs, derived by us."
grid,region,br,Brazil,ci,106.06,gCO2/kWh,2024,estimated,lifecycle,"Ember - Yearly Electricity Data (global, long format)",https://ember-energy.org/data/yearly-electricity-data/,"National power-sector CO2 intensity of generation. Ember applies IPCC lifecycle emission factors to reported generation by fuel (bulk CSV: https://storage.googleapis.com/emb-prod-bkt-publicdata/public-downloads/yearly_full_release_long_format.csv); Ember also lists a 2025 value of 109.95 (latest year, may include estimates)."
grid,region,br,Brazil,fos,0.1055,fraction,2024,measured,,"Ember - Yearly Electricity Data (global, long format)",https://ember-energy.org/data/yearly-electricity-data/,"Fossil (coal+gas+other fossil) share of national generation, 10.55%. 2025: 11.29%."
grid,region,br,Brazil,dec,0.062,fraction/yr,2024,estimated,,"Ember - Yearly Electricity Data (global, long format)",https://ember-energy.org/data/yearly-electricity-data/,"CI 2015 188.64 -> 2024 106.06 gCO2/kWh; compound annual rate of decline over 9 yrs, derived by us."
grid,region,in,India,ci,706.67,gCO2/kWh,2024,estimated,lifecycle,"Ember - Yearly Electricity Data (global, long format)",https://ember-energy.org/data/yearly-electricity-data/,"National power-sector CO2 intensity of generation. Ember applies IPCC lifecycle emission factors to reported generation by fuel (bulk CSV: https://storage.googleapis.com/emb-prod-bkt-publicdata/public-downloads/yearly_full_release_long_format.csv); Ember also lists a 2025 value of 670.55 (latest year, may include estimates)."
grid,region,in,India,fos,0.775,fraction,2024,measured,,"Ember - Yearly Electricity Data (global, long format)",https://ember-energy.org/data/yearly-electricity-data/,"Fossil (coal+gas+other fossil) share of national generation, 77.5%. 2025: 73.35%."
grid,region,in,India,dec,0.0067,fraction/yr,2024,estimated,,"Ember - Yearly Electricity Data (global, long format)",https://ember-energy.org/data/yearly-electricity-data/,"CI 2015 750.85 -> 2024 706.67 gCO2/kWh; compound annual rate of decline over 9 yrs, derived by us."
grid,region,ng,Nigeria,ci,495.74,gCO2/kWh,2024,estimated,lifecycle,"Ember - Yearly Electricity Data (global, long format)",https://ember-energy.org/data/yearly-electricity-data/,"National power-sector CO2 intensity of generation. Ember applies IPCC lifecycle emission factors to reported generation by fuel (bulk CSV: https://storage.googleapis.com/emb-prod-bkt-publicdata/public-downloads/yearly_full_release_long_format.csv); Ember also lists a 2025 value of 455.71 (latest year, may include estimates)."
grid,region,ng,Nigeria,fos,0.75,fraction,2024,measured,,"Ember - Yearly Electricity Data (global, long format)",https://ember-energy.org/data/yearly-electricity-data/,"Fossil (coal+gas+other fossil) share of national generation, 75.0%. 2025: 68.68%."
grid,region,ng,Nigeria,dec,0.0073,fraction/yr,2024,estimated,,"Ember - Yearly Electricity Data (global, long format)",https://ember-energy.org/data/yearly-electricity-data/,"CI 2015 529.7 -> 2024 495.74 gCO2/kWh; compound annual rate of decline over 9 yrs, derived by us."
grid,region,au,Australia,ci,473.3,gCO2/kWh,2023,estimated,direct,OpenElectricity (formerly OpenNEM) - WEM/SWIS monthly energy & emissions by fuel technology (static v3 data file),https://data.opennem.org.au/v3/stats/au/WEM/energy/all.json,SWIS (WA) calendar 2023: sum of monthly emissions / total generation INCLUDING rooftop solar (derived by us). Excluding rooftop: 571.1. Trailing Dec-2023..Nov-2024: 457.6 (559.9 excl. rooftop; CER Quarterly Carbon Market Report Dec-2024 cites OpenNEM SWIS intensity 0.56 t/MWh for 2024). Official location-based Scope-2 factor for SWIS in DCCEEW NGA Factors 2025: 0.50 kgCO2e/kWh. Ember Australia national 2024 = 554.01 lifecycle (NEM-dominated) - not used.
grid,region,au,Australia,fos,0.6487,fraction,2023,estimated,,OpenElectricity (formerly OpenNEM) - WEM/SWIS monthly energy & emissions by fuel technology (static v3 data file),https://data.opennem.org.au/v3/stats/au/WEM/energy/all.json,"SWIS calendar 2023: (black coal + gas CCGT/OCGT + distillate) / total incl. rooftop solar = 64.9% (derived by us). Trailing Dec-2023..Nov-2024: 62.4%. Cross-check: WA Govt SWIS Transmission Plan (reported by pv magazine, Sep 2025) says renewables were 39% of SWIS electricity use in FY2024-25, i.e. ~61% fossil."
grid,region,au,Australia,dec,0.0451,fraction/yr,2023,estimated,,OpenElectricity (formerly OpenNEM) - WEM/SWIS monthly energy & emissions by fuel technology (static v3 data file),https://data.opennem.org.au/v3/stats/au/WEM/energy/all.json,"SWIS CI (incl. rooftop) 2015 684.4 -> 2023 473.3 gCO2/kWh; CAGR over 8 yrs, derived by us."
grid,region,mx,Mexico,ci,483.14,gCO2/kWh,2024,estimated,lifecycle,"Ember - Yearly Electricity Data (global, long format)",https://ember-energy.org/data/yearly-electricity-data/,"National power-sector CO2 intensity of generation. Ember applies IPCC lifecycle emission factors to reported generation by fuel (bulk CSV: https://storage.googleapis.com/emb-prod-bkt-publicdata/public-downloads/yearly_full_release_long_format.csv); Ember also lists a 2025 value of 474.02 (latest year, may include estimates)."
grid,region,mx,Mexico,fos,0.7542,fraction,2024,measured,,"Ember - Yearly Electricity Data (global, long format)",https://ember-energy.org/data/yearly-electricity-data/,"Fossil (coal+gas+other fossil) share of national generation, 75.42%. 2025: 74.07%."
grid,region,mx,Mexico,dec,0.011,fraction/yr,2024,estimated,,"Ember - Yearly Electricity Data (global, long format)",https://ember-energy.org/data/yearly-electricity-data/,"CI 2015 533.9 -> 2024 483.14 gCO2/kWh; compound annual rate of decline over 9 yrs, derived by us."
grid,region,za,South Africa,ci,717.72,gCO2/kWh,2024,estimated,lifecycle,"Ember - Yearly Electricity Data (global, long format)",https://ember-energy.org/data/yearly-electricity-data/,"National power-sector CO2 intensity of generation. Ember applies IPCC lifecycle emission factors to reported generation by fuel (bulk CSV: https://storage.googleapis.com/emb-prod-bkt-publicdata/public-downloads/yearly_full_release_long_format.csv); Ember also lists a 2025 value of 698.96 (latest year, may include estimates)."
grid,region,za,South Africa,fos,0.8433,fraction,2024,measured,,"Ember - Yearly Electricity Data (global, long format)",https://ember-energy.org/data/yearly-electricity-data/,"Fossil (coal+gas+other fossil) share of national generation, 84.33%. 2025: 82.16%."
grid,region,za,South Africa,dec,0.0107,fraction/yr,2024,estimated,,"Ember - Yearly Electricity Data (global, long format)",https://ember-energy.org/data/yearly-electricity-data/,"CI 2015 790.96 -> 2024 717.72 gCO2/kWh; compound annual rate of decline over 9 yrs, derived by us."
grid,region,sa,Saudi Arabia,ci,691.95,gCO2/kWh,2024,estimated,lifecycle,"Ember - Yearly Electricity Data (global, long format)",https://ember-energy.org/data/yearly-electricity-data/,National power-sector CO2 intensity of generation. Ember applies IPCC lifecycle emission factors to reported generation by fuel (bulk CSV: https://storage.googleapis.com/emb-prod-bkt-publicdata/public-downloads/yearly_full_release_long_format.csv); no 2025 value in Ember.
grid,region,sa,Saudi Arabia,fos,0.9784,fraction,2024,measured,,"Ember - Yearly Electricity Data (global, long format)",https://ember-energy.org/data/yearly-electricity-data/,"Fossil (coal+gas+other fossil) share of national generation, 97.84%."
grid,region,sa,Saudi Arabia,dec,0.0002,fraction/yr,2024,estimated,,"Ember - Yearly Electricity Data (global, long format)",https://ember-energy.org/data/yearly-electricity-data/,"CI 2015 693.08 -> 2024 691.95 gCO2/kWh; compound annual rate of decline over 9 yrs, derived by us."
grid,region,id,Indonesia,ci,681.11,gCO2/kWh,2024,estimated,lifecycle,"Ember - Yearly Electricity Data (global, long format)",https://ember-energy.org/data/yearly-electricity-data/,National power-sector CO2 intensity of generation. Ember applies IPCC lifecycle emission factors to reported generation by fuel (bulk CSV: https://storage.googleapis.com/emb-prod-bkt-publicdata/public-downloads/yearly_full_release_long_format.csv); no 2025 value in Ember. NATIONAL value. The Papua site is not on the Java-Bali grid; Papua systems are small isolated grids (diesel/gas/hydro) and large mine sites often self-generate - no sourced Papua-specific factor found.
grid,region,id,Indonesia,fos,0.8191,fraction,2024,measured,,"Ember - Yearly Electricity Data (global, long format)",https://ember-energy.org/data/yearly-electricity-data/,"Fossil (coal+gas+other fossil) share of national generation, 81.91%. National value; Papua-specific share not found."
grid,region,id,Indonesia,dec,0.0025,fraction/yr,2024,estimated,,"Ember - Yearly Electricity Data (global, long format)",https://ember-energy.org/data/yearly-electricity-data/,"CI 2015 696.65 -> 2024 681.11 gCO2/kWh; compound annual rate of decline over 9 yrs, derived by us. National."
water,region,us-pjm,"PJM, US",ws,0.032,,2023,estimated,basin,"WRI Aqueduct 4.0 Water Risk Atlas, baseline annual data (Aqueduct40_baseline_annual, GDB layer 'baseline_annual', release Y2023M07D05); point-in-polygon lookup at the listed site coordinates",https://www.wri.org/data/aqueduct-global-maps-40-data,"Ashburn VA: basin pfaf 731801 score 0.16 (Low (<10%)), withdrawal/available ratio 0.056 | Value = mean basin bws_score / 5 across 1 site point(s). Context: Virginia state/province score 2.56; country score 2.60 (Aqueduct 4.0 country/province rankings, all-sector 'Tot' weighting). Ashburn sits in the Potomac basin, which Aqueduct rates Low; the statewide area-weighted figure is higher. (Aqueduct is a hydrological model output from WRI, hence confidence=estimated.)"
water,region,us-pjm,"PJM, US",wue,0.06,L/kWh,2025,disclosed,"regional (AWS US East - Northern Virginia region, all AWS-operated data centers)","Amazon Web Services, 'AWS is building a sustainable business in Virginia' - Virginia Sustainability Fact Sheet (Key Sustainability Metrics table)",https://sustainability.aboutamazon.com/aws-sustainability-fact-sheets/aws-fact-sheet-virginia.pdf,"AWS US East (N. Virginia) average WUE 0.12 (2024), 0.06 (2025); PUE 1.15. AWS fact-sheet definition: WUE in litres per kWh for data centers operated by AWS, Jan 1-Dec 31 of each year; Amazon defines WUE as water withdrawn for data-center operations per kWh of IT load (on-site; excludes water embedded in electricity generation). Cross-check: Microsoft Virginia (Boydton, southern VA, direct evaporative cooling) WUE 0.17 L/kWh for Jan-Dec 2022 per Microsoft's archived 'Virginia (East US & East US 2)' sustainability fact sheet; Li et al. Table 1 lists Virginia 0.14."
water,region,us-npw,"Pacific NW, US",ws,0.0,,2023,estimated,basin,"WRI Aqueduct 4.0 Water Risk Atlas, baseline annual data (Aqueduct40_baseline_annual, GDB layer 'baseline_annual', release Y2023M07D05); point-in-polygon lookup at the listed site coordinates",https://www.wri.org/data/aqueduct-global-maps-40-data,"The Dalles OR: basin pfaf 782300 score 0.00 (Low (<10%)), withdrawal/available ratio 0.006 | Value = mean basin bws_score / 5 across 1 site point(s). Context: Oregon state/province score 1.60; country score 2.60 (Aqueduct 4.0 country/province rankings, all-sector 'Tot' weighting). The Dalles draws on the Columbia mainstem basin (very high available flow), hence score 0 even though local municipal/aquifer supply is contested. (Aqueduct is a hydrological model output from WRI, hence confidence=estimated.)"
water,region,us-npw,"Pacific NW, US",wue,0.12,L/kWh,2025,disclosed,"regional (AWS US West - Oregon region, Boardman/Umatilla area, Columbia basin)","Amazon Web Services, Oregon Sustainability Fact Sheet (Key Sustainability Metrics table)",https://sustainability.aboutamazon.com/aws-sustainability-fact-sheets/aws-fact-sheet-oregon.pdf,"AWS US West (Oregon) WUE 0.16 (2024), 0.12 (2025); PUE 1.12. AWS fact-sheet definition: WUE in litres per kWh for data centers operated by AWS, Jan 1-Dec 31 of each year; Amazon defines WUE as water withdrawn for data-center operations per kWh of IT load (on-site; excludes water embedded in electricity generation). Alternatives: Microsoft Washington (Quincy, eastern WA, similar climate) on-site WUE 0.95 L/kWh per Li et al. Table 1 (Microsoft-reported, ~2022). Google publishes The Dalles site water consumption (~550 million gallons in 2024, per Google's 2025 Environmental Report as reported by press) but NOT site electricity, so a site WUE for The Dalles cannot be derived from public data."
water,region,us-miso,"MISO, US",ws,0.026,,2023,estimated,basin,"WRI Aqueduct 4.0 Water Risk Atlas, baseline annual data (Aqueduct40_baseline_annual, GDB layer 'baseline_annual', release Y2023M07D05); point-in-polygon lookup at the listed site coordinates",https://www.wri.org/data/aqueduct-global-maps-40-data,"Council Bluffs IA: basin pfaf 742951 score 0.13 (Low (<10%)), withdrawal/available ratio 0.055 | Value = mean basin bws_score / 5 across 1 site point(s). Context: Iowa state/province score 1.08; country score 2.60 (Aqueduct 4.0 country/province rankings, all-sector 'Tot' weighting). (Aqueduct is a hydrological model output from WRI, hence confidence=estimated.)"
water,region,us-miso,"MISO, US",wue,0.14,L/kWh,2023,disclosed,"site-region (Microsoft datacenters in Iowa, West Des Moines)","Li, Yang, Islam & Ren, 'Making AI Less ""Thirsty"": Uncovering and Addressing the Secret Water Footprint of AI Models' (arXiv 2304.03271 v5; Communications of the ACM), Table 1 - location-wise on-site WUE as reported by Microsoft",https://arxiv.org/abs/2304.03271,"Microsoft-reported location-wise annualized on-site WUE, compiled in Li et al. Table 1 (values current as of the paper's 2023 data collection). Microsoft definition: annual litres of water used for humidification and cooling / annual kWh used to power IT equipment (on-site only; excludes off-site water for electricity). Google publishes Council Bluffs water (~1.0 billion gallons consumed in 2024) but not site electricity, so no Google site WUE can be computed."
water,region,us-ercot,"ERCOT, US",ws,0.619,,2023,estimated,basin,"WRI Aqueduct 4.0 Water Risk Atlas, baseline annual data (Aqueduct40_baseline_annual, GDB layer 'baseline_annual', release Y2023M07D05); point-in-polygon lookup at the listed site coordinates",https://www.wri.org/data/aqueduct-global-maps-40-data,"Abilene TX: basin pfaf 751660 score 3.09 (High (40-80%)), withdrawal/available ratio 0.427 | Value = mean basin bws_score / 5 across 1 site point(s). Context: Texas state/province score 3.33; country score 2.60 (Aqueduct 4.0 country/province rankings, all-sector 'Tot' weighting). (Aqueduct is a hydrological model output from WRI, hence confidence=estimated.)"
water,region,us-ercot,"ERCOT, US",wue,0.25,L/kWh,2023,disclosed,"site-region (Microsoft datacenters in Texas, San Antonio)","Li, Yang, Islam & Ren, 'Making AI Less ""Thirsty"": Uncovering and Addressing the Secret Water Footprint of AI Models' (arXiv 2304.03271 v5; Communications of the ACM), Table 1 - location-wise on-site WUE as reported by Microsoft",https://arxiv.org/abs/2304.03271,"Microsoft-reported location-wise on-site WUE compiled in Li et al. Table 1. San Antonio is humid-subtropical; Abilene (West Texas) is semi-arid and hotter, so evaporative-cooled sites there could run higher. No Abilene-specific disclosure found. Microsoft definition: annual litres of water used for humidification and cooling / annual kWh used to power IT equipment (on-site only; excludes off-site water for electricity)."
water,region,us-az,"Arizona, US",ws,1.0,,2023,estimated,basin,"WRI Aqueduct 4.0 Water Risk Atlas, baseline annual data (Aqueduct40_baseline_annual, GDB layer 'baseline_annual', release Y2023M07D05); point-in-polygon lookup at the listed site coordinates",https://www.wri.org/data/aqueduct-global-maps-40-data,"Chandler AZ: basin pfaf 772250 score 5.00 (Extremely High (>80%)), withdrawal/available ratio 6.843 | Value = mean basin bws_score / 5 across 1 site point(s). Context: Arizona state/province score 4.39; country score 2.60 (Aqueduct 4.0 country/province rankings, all-sector 'Tot' weighting). (Aqueduct is a hydrological model output from WRI, hence confidence=estimated.)"
water,region,us-az,"Arizona, US",wue,2.24,L/kWh,2022,disclosed,"site-region (Microsoft West US 3, Phoenix-area datacenters, direct evaporative cooling)","Microsoft, 'Arizona (West US 3)' datacenter sustainability fact sheet (archived 2023-06-28), WATER: 'Water usage effectiveness (WUE) January 2022-December 2022'",https://web.archive.org/web/20230628234111id_/https://datacenters.microsoft.com/globe/pdfs/sustainability/factsheets/Arizona%20(West%20US%203).pdf,"Microsoft also states it cut Phoenix WUE 23% year-over-year in FY25 (Microsoft Official Blog, 2026-06-24, 'Inside Microsoft's two-decade push to cut water intensity'); Li et al. Table 1 lists Arizona 1.63. Treat 2.24 as the upper, dated value; the current figure is likely ~1.3-1.7 but no exact current per-site number is published. Microsoft definition: annual litres of water used for humidification and cooling / annual kWh used to power IT equipment (on-site only; excludes off-site water for electricity)."
water,region,us-ca,"CAISO, US",ws,0.351,,2023,estimated,basin,"WRI Aqueduct 4.0 Water Risk Atlas, baseline annual data (Aqueduct40_baseline_annual, GDB layer 'baseline_annual', release Y2023M07D05); point-in-polygon lookup at the listed site coordinates",https://www.wri.org/data/aqueduct-global-maps-40-data,"San Francisco: basin pfaf 774300 score 1.76 (Low - Medium (10-20%)), withdrawal/available ratio 0.169 | Value = mean basin bws_score / 5 across 1 site point(s). Context: California state/province score 4.03; country score 2.60 (Aqueduct 4.0 country/province rankings, all-sector 'Tot' weighting). SF Bay basin rated Low-Medium; California statewide is Extremely High. (Aqueduct is a hydrological model output from WRI, hence confidence=estimated.)"
water,region,us-ca,"CAISO, US",wue,0.39,L/kWh,2025,disclosed,regional (AWS US West - Northern California region),"Amazon Web Services, California Sustainability Fact Sheet (Key Sustainability Metrics table)",https://sustainability.aboutamazon.com/aws-sustainability-fact-sheets/aws-fact-sheet-california.pdf,"AWS US West (N. California) WUE 0.51 (2024), 0.39 (2025); PUE 1.18. AWS fact-sheet definition: WUE in litres per kWh for data centers operated by AWS, Jan 1-Dec 31 of each year; Amazon defines WUE as water withdrawn for data-center operations per kWh of IT load (on-site; excludes water embedded in electricity generation)."
water,region,us-se,"Southeast, US",ws,0.313,,2023,estimated,basin,"WRI Aqueduct 4.0 Water Risk Atlas, baseline annual data (Aqueduct40_baseline_annual, GDB layer 'baseline_annual', release Y2023M07D05); point-in-polygon lookup at the listed site coordinates",https://www.wri.org/data/aqueduct-global-maps-40-data,"Spruce Pine NC: basin pfaf 742628 score 1.57 (Low - Medium (10-20%)), withdrawal/available ratio 0.148 | Value = mean basin bws_score / 5 across 1 site point(s). Context: North Carolina state/province score 3.19; country score 2.60 (Aqueduct 4.0 country/province rankings, all-sector 'Tot' weighting). (Aqueduct is a hydrological model output from WRI, hence confidence=estimated.)"
water,region,us-se,"Southeast, US",wue,0.34,L/kWh,2025,disclosed,regional (Microsoft Americas fleet average),"Microsoft, 'Measuring energy and water efficiency for Microsoft datacenters' (regional FY24/FY25 PUE & WUE table)",https://datacenters.microsoft.com/sustainability/efficiency/,"No disclosed data-center WUE for western North Carolina found. Microsoft Americas FY25 WUE 0.34 (FY24 0.38) used as a regional fleet proxy. Alternative fleet proxy: AWS North America average WUE 0.08 L/kWh (2025, AWS Georgia/Indiana fact sheets). Microsoft definition: annual litres of water used for humidification and cooling / annual kWh used to power IT equipment (on-site only; excludes off-site water for electricity). Note Spruce Pine is a high-purity quartz MINE, not a data center; DC WUE is not a meaningful water model for it (see caveats)."
water,region,ie,Ireland,ws,0.214,,2023,estimated,basin,"WRI Aqueduct 4.0 Water Risk Atlas, baseline annual data (Aqueduct40_baseline_annual, GDB layer 'baseline_annual', release Y2023M07D05); point-in-polygon lookup at the listed site coordinates",https://www.wri.org/data/aqueduct-global-maps-40-data,"Dublin: basin pfaf 234009 score 1.07 (Low - Medium (10-20%)), withdrawal/available ratio 0.105 | Value = mean basin bws_score / 5 across 1 site point(s). Context: Dublin state/province score 1.07; country score 0.36 (Aqueduct 4.0 country/province rankings, all-sector 'Tot' weighting). (Aqueduct is a hydrological model output from WRI, hence confidence=estimated.)"
water,region,ie,Ireland,wue,0.02,L/kWh,2025,disclosed,"regional (AWS Europe - Ireland region, Dublin area)","Amazon Web Services, Ireland Sustainability Fact Sheet (Key Sustainability Metrics table)",https://sustainability.aboutamazon.com/aws-sustainability-fact-sheets/aws-fact-sheet-ireland.pdf,"AWS Europe (Ireland) WUE 0.03 (2024), 0.02 (2025); PUE 1.10-1.11. Cross-check: Microsoft Ireland (North Europe, Dublin) WUE 0.03 L/kWh for Jan-Dec 2021 (archived Microsoft 'Ireland (North Europe)' fact sheet); Li et al. lists Ireland 0.02. AWS fact-sheet definition: WUE in litres per kWh for data centers operated by AWS, Jan 1-Dec 31 of each year; Amazon defines WUE as water withdrawn for data-center operations per kWh of IT load (on-site; excludes water embedded in electricity generation)."
water,region,sg,Singapore,ws,0.0,,2023,estimated,basin,"WRI Aqueduct 4.0 Water Risk Atlas, baseline annual data (Aqueduct40_baseline_annual, GDB layer 'baseline_annual', release Y2023M07D05); point-in-polygon lookup at the listed site coordinates",https://www.wri.org/data/aqueduct-global-maps-40-data,"Singapore: basin pfaf 444055 score 0.00 (Low (<10%)), withdrawal/available ratio 0.043 | Value = mean basin bws_score / 5 across 1 site point(s). Context: ; country score: no data in Aqueduct 4.0 rankings (Aqueduct 4.0 country/province rankings, all-sector 'Tot' weighting). CAUTION: Aqueduct's hydrological model treats the local basin as Low stress, and the Aqueduct 4.0 country ranking has NoData for Singapore. This ignores Singapore's dependence on imported water (Johor), NEWater and desalination; WRI's earlier 2015 projected-stress ranking placed Singapore among the most water-stressed countries (score 5). Consider overriding with a policy value and document it. (Aqueduct is a hydrological model output from WRI, hence confidence=estimated.)"
water,region,sg,Singapore,wue,2.2,L/kWh,2021,measured,country (median of large data centres in Singapore),"Infocomm Media Development Authority (IMDA), Singapore Green Data Centre Roadmap (May 2024): median WUE 2.2 m3/MWh in 2021; target <=2.0 m3/MWh within 10 years",https://www.imda.gov.sg/how-we-can-help/green-dc-roadmap,"2.2 m3/MWh = 2.2 L/kWh. Government-collected national median; cooling towers account for up to 97% of DC water use per IMDA. Cross-checks: AWS Asia Pacific (Singapore) 1.68 (2024), 1.57 (2025) (AWS Singapore fact sheet); Microsoft Singapore 2.06 L/kWh Jan-Dec 2022 (archived 'Singapore (Southeast Asia)' fact sheet, uses NEWater + mechanical cooling). Whether IMDA's denominator is IT or total facility energy is not stated in the summary sources."
water,region,cn-north,North China grid,ws,0.923,,2023,estimated,basin,"WRI Aqueduct 4.0 Water Risk Atlas, baseline annual data (Aqueduct40_baseline_annual, GDB layer 'baseline_annual', release Y2023M07D05); point-in-polygon lookup at the listed site coordinates",https://www.wri.org/data/aqueduct-global-maps-40-data,"Ulanqab: basin pfaf 431600 score 5.00 (Extremely High (>80%)), withdrawal/available ratio 9999 (flag: no/negligible available water in sub-basin) | Beijing: basin pfaf 431623 score 4.23 (Extremely High (>80%)), withdrawal/available ratio 0.937 | Value = mean basin bws_score / 5 across 2 site point(s). Context: Nei Mongol state/province score 4.62; Beijing state/province score 4.44; country score 2.80 (Aqueduct 4.0 country/province rankings, all-sector 'Tot' weighting). Ulanqab sub-basin returns raw ratio 9999 (Aqueduct's flag for negligible available renewable water), scored 5. (Aqueduct is a hydrological model output from WRI, hence confidence=estimated.)"
water,region,cn-north,North China grid,wue,1.66,L/kWh,2024,disclosed,"fleet (GDS Holdings, China-wide data center portfolio)","GDS Holdings, 2024 Environmental, Social and Governance (ESG) Report, KPI appendix: WUE 1.66 (2024), 1.72 (2023), 1.74 (2022)",https://c.gds-services.com/esg2024/docs/2024_ESG_Report_EN.pdf,"Fleet average for a major Chinese colocation operator (Shanghai, Beijing/Hebei, Shenzhen and inland campuses), not specific to Ulanqab. Cold, dry Ulanqab likely runs lower on free/indirect cooling (Chindata markets 'waterless' cooling reaching WUE ~0 in its 2022 ESG report), but no site-level Ulanqab WUE was found. Total GDS water consumption 8.06 million t (2024). Report does not state whether WUE uses IT or facility energy; assumed IT (industry convention)."
water,region,cn-cent,Central China grid,ws,1.0,,2023,estimated,basin,"WRI Aqueduct 4.0 Water Risk Atlas, baseline annual data (Aqueduct40_baseline_annual, GDB layer 'baseline_annual', release Y2023M07D05); point-in-polygon lookup at the listed site coordinates",https://www.wri.org/data/aqueduct-global-maps-40-data,"Zhengzhou: basin pfaf 434294 score 5.00 (Extremely High (>80%)), withdrawal/available ratio 5.817 | Value = mean basin bws_score / 5 across 1 site point(s). Context: Henan state/province score 4.09; country score 2.80 (Aqueduct 4.0 country/province rankings, all-sector 'Tot' weighting). (Aqueduct is a hydrological model output from WRI, hence confidence=estimated.)"
water,region,cn-cent,Central China grid,wue,1.66,L/kWh,2024,disclosed,"fleet (GDS Holdings, China-wide)","GDS Holdings, 2024 ESG Report, KPI appendix (WUE 1.66 in 2024)",https://c.gds-services.com/esg2024/docs/2024_ESG_Report_EN.pdf,"No Henan/Zhengzhou-specific disclosure found; China fleet average used as proxy. Zhengzhou's hot, humid summers suggest cooling-tower sites could exceed the fleet mean."
water,region,tw,Taiwan,ws,0.273,,2023,estimated,basin,"WRI Aqueduct 4.0 Water Risk Atlas, baseline annual data (Aqueduct40_baseline_annual, GDB layer 'baseline_annual', release Y2023M07D05); point-in-polygon lookup at the listed site coordinates",https://www.wri.org/data/aqueduct-global-maps-40-data,"Hsinchu: basin pfaf 437001 score 1.36 (Low - Medium (10-20%)), withdrawal/available ratio 0.129 | Tainan (STSP): basin pfaf 437001 score 1.36 (Low - Medium (10-20%)), withdrawal/available ratio 0.129 | Value = mean basin bws_score / 5 across 2 site point(s). Context: ; country score: no data in Aqueduct 4.0 rankings (Aqueduct 4.0 country/province rankings, all-sector 'Tot' weighting). Taiwan is absent from Aqueduct 4.0 country/province rankings; both site points fall in the same coarse level-6 basin (pfaf 437001), so the value is not sensitive to local reservoir stress (e.g. the 2021 drought). Treat as a lower bound. (Aqueduct is a hydrological model output from WRI, hence confidence=estimated.)"
water,region,tw,Taiwan,wue,1.0,L/kWh,2024,projected,"site-region design value (Microsoft Taiwan North, new datacenters)","Microsoft, 'Taiwan (Taiwan North)' datacenter sustainability fact sheet (archived 2025-01-17): 'Design water usage effectiveness (WUE) 1.00 L/kWh - Not yet in operation'",https://web.archive.org/web/20250117223934id_/https://datacenters.microsoft.com/globe/pdfs/sustainability/factsheets/Taiwan%20(Taiwan%20North).pdf,Design value for outdoor-air + indirect mechanical cooling; water used <30% of the year. Not an operating measurement. Microsoft definition: annual litres of water used for humidification and cooling / annual kWh used to power IT equipment (on-site only; excludes off-site water for electricity).
water,region,kr,South Korea,ws,0.442,,2023,estimated,basin,"WRI Aqueduct 4.0 Water Risk Atlas, baseline annual data (Aqueduct40_baseline_annual, GDB layer 'baseline_annual', release Y2023M07D05); point-in-polygon lookup at the listed site coordinates",https://www.wri.org/data/aqueduct-global-maps-40-data,"Pyeongtaek: basin pfaf 424109 score 2.19 (Medium - High (20-40%)), withdrawal/available ratio 0.228 | Icheon: basin pfaf 424200 score 2.23 (Medium - High (20-40%)), withdrawal/available ratio 0.235 | Value = mean basin bws_score / 5 across 2 site point(s). Context: Gyeonggi-do state/province score 2.05; country score 2.38 (Aqueduct 4.0 country/province rankings, all-sector 'Tot' weighting). (Aqueduct is a hydrological model output from WRI, hence confidence=estimated.)"
water,region,kr,South Korea,wue,1.1,L/kWh,2025,disclosed,regional (AWS Asia Pacific average),"Amazon Web Services, South Korea Sustainability Fact Sheet - 'AWS Asia Pacific (Average)' WUE 0.98 (2024), 1.10 (2025)",https://sustainability.aboutamazon.com/aws-sustainability-fact-sheets/aws-fact-sheet-south-korea.pdf,"AWS does not publish a Seoul-only WUE; the Korea fact sheet shows the APAC average. No Korean operator site WUE found (Naver Gak publishes PUE, not WUE). A market-research claim of a 1.8 L/kWh Korean average (Mordor Intelligence) was not used (unsourced). AWS fact-sheet definition: WUE in litres per kWh for data centers operated by AWS, Jan 1-Dec 31 of each year; Amazon defines WUE as water withdrawn for data-center operations per kWh of IT load (on-site; excludes water embedded in electricity generation)."
water,region,jp,Japan,ws,0.458,,2023,estimated,basin,"WRI Aqueduct 4.0 Water Risk Atlas, baseline annual data (Aqueduct40_baseline_annual, GDB layer 'baseline_annual', release Y2023M07D05); point-in-polygon lookup at the listed site coordinates",https://www.wri.org/data/aqueduct-global-maps-40-data,"Tokyo: basin pfaf 413017 score 2.59 (Medium - High (20-40%)), withdrawal/available ratio 0.300 | Hiroshima: basin pfaf 413011 score 2.00 (Low - Medium (10-20%)), withdrawal/available ratio 0.200 | Value = mean basin bws_score / 5 across 2 site point(s). Context: Tokyo state/province score 2.59; Hiroshima state/province score 2.00; country score 1.97 (Aqueduct 4.0 country/province rankings, all-sector 'Tot' weighting). (Aqueduct is a hydrological model output from WRI, hence confidence=estimated.)"
water,region,jp,Japan,wue,1.22,L/kWh,2025,disclosed,regional (AWS Asia Pacific - Tokyo region),"Amazon Web Services, Japan Sustainability Fact Sheet (Key Sustainability Metrics table)",https://sustainability.aboutamazon.com/aws-sustainability-fact-sheets/aws-fact-sheet-japan.pdf,"AWS Tokyo WUE 0.91 (2024), 1.22 (2025); PUE 1.25. AWS states it used no water to cool its Osaka data centers in 2025. AWS fact-sheet definition: WUE in litres per kWh for data centers operated by AWS, Jan 1-Dec 31 of each year; Amazon defines WUE as water withdrawn for data-center operations per kWh of IT load (on-site; excludes water embedded in electricity generation)."
water,region,nl,Netherlands,ws,0.75,,2023,estimated,basin,"WRI Aqueduct 4.0 Water Risk Atlas, baseline annual data (Aqueduct40_baseline_annual, GDB layer 'baseline_annual', release Y2023M07D05); point-in-polygon lookup at the listed site coordinates",https://www.wri.org/data/aqueduct-global-maps-40-data,"Veldhoven: basin pfaf 232508 score 3.75 (High (40-80%)), withdrawal/available ratio 0.672 | Value = mean basin bws_score / 5 across 1 site point(s). Context: Noord-Brabant state/province score 2.97; country score 1.58 (Aqueduct 4.0 country/province rankings, all-sector 'Tot' weighting). (Aqueduct is a hydrological model output from WRI, hence confidence=estimated.)"
water,region,nl,Netherlands,wue,0.08,L/kWh,2022,disclosed,"site-region (Microsoft West Europe, North Holland datacenters)","Microsoft, 'Netherlands (West Europe)' datacenter sustainability fact sheet (archived 2025-11-17): 'WUE 0.08 L/kWh, January 2022-December 2022'",https://web.archive.org/web/20251117184422id_/https://datacenters.microsoft.com/globe/pdfs/sustainability/factsheets/Netherlands%20(West%20Europe).pdf,"Outside air, zero water below 29.4 C; rainwater capture offsets humidification water. Li et al. lists Netherlands 0.06. Veldhoven (ASML) is a lithography-tool FACTORY, not a DC. Microsoft definition: annual litres of water used for humidification and cooling / annual kWh used to power IT equipment (on-site only; excludes off-site water for electricity)."
water,region,de,Germany,ws,0.693,,2023,estimated,basin,"WRI Aqueduct 4.0 Water Risk Atlas, baseline annual data (Aqueduct40_baseline_annual, GDB layer 'baseline_annual', release Y2023M07D05); point-in-polygon lookup at the listed site coordinates",https://www.wri.org/data/aqueduct-global-maps-40-data,"Frankfurt: basin pfaf 232640 score 3.45 (High (40-80%)), withdrawal/available ratio 0.548 | Oberkochen: basin pfaf 232660 score 3.47 (High (40-80%)), withdrawal/available ratio 0.555 | Value = mean basin bws_score / 5 across 2 site point(s). Context: Hessen state/province score 2.13; Baden-Württemberg state/province score 2.28; country score 2.04 (Aqueduct 4.0 country/province rankings, all-sector 'Tot' weighting). Basin scores (High) exceed state/country averages (Medium-High). (Aqueduct is a hydrological model output from WRI, hence confidence=estimated.)"
water,region,de,Germany,wue,0.17,L/kWh,2025,disclosed,regional (AWS Europe - Frankfurt region),"Amazon Web Services, Germany Sustainability Fact Sheet (Key Sustainability Metrics table)",https://sustainability.aboutamazon.com/aws-sustainability-fact-sheets/aws-fact-sheet-germany.pdf,"AWS Frankfurt WUE 0.01 (2024), 0.17 (2025); PUE 1.35 -> 1.24. Large year-to-year swing; a 2-year mean (~0.09) may be more representative. AWS fact-sheet definition: WUE in litres per kWh for data centers operated by AWS, Jan 1-Dec 31 of each year; Amazon defines WUE as water withdrawn for data-center operations per kWh of IT load (on-site; excludes water embedded in electricity generation)."
water,region,uk,United Kingdom,ws,0.677,,2023,estimated,basin,"WRI Aqueduct 4.0 Water Risk Atlas, baseline annual data (Aqueduct40_baseline_annual, GDB layer 'baseline_annual', release Y2023M07D05); point-in-polygon lookup at the listed site coordinates",https://www.wri.org/data/aqueduct-global-maps-40-data,"London: basin pfaf 233038 score 3.39 (High (40-80%)), withdrawal/available ratio 0.522 | Value = mean basin bws_score / 5 across 1 site point(s). Context: England state/province score 1.61; country score 1.30 (Aqueduct 4.0 country/province rankings, all-sector 'Tot' weighting). Thames basin rated High; UK country average is Low-Medium. (Aqueduct is a hydrological model output from WRI, hence confidence=estimated.)"
water,region,uk,United Kingdom,wue,0.14,L/kWh,2025,disclosed,regional (AWS Europe - London region),"Amazon Web Services, United Kingdom Sustainability Fact Sheet (Key Sustainability Metrics table)",https://sustainability.aboutamazon.com/aws-sustainability-fact-sheets/aws-fact-sheet-united-kingdom.pdf,"Only 2025 published; PUE 1.23. AWS fact-sheet definition: WUE in litres per kWh for data centers operated by AWS, Jan 1-Dec 31 of each year; Amazon defines WUE as water withdrawn for data-center operations per kWh of IT load (on-site; excludes water embedded in electricity generation)."
water,region,br,Brazil,ws,0.495,,2023,estimated,basin,"WRI Aqueduct 4.0 Water Risk Atlas, baseline annual data (Aqueduct40_baseline_annual, GDB layer 'baseline_annual', release Y2023M07D05); point-in-polygon lookup at the listed site coordinates",https://www.wri.org/data/aqueduct-global-maps-40-data,"Sao Paulo: basin pfaf 642789 score 2.47 (Medium - High (20-40%)), withdrawal/available ratio 0.278 | Value = mean basin bws_score / 5 across 1 site point(s). Context: São Paulo state/province score 1.14; country score 1.04 (Aqueduct 4.0 country/province rankings, all-sector 'Tot' weighting). (Aqueduct is a hydrological model output from WRI, hence confidence=estimated.)"
water,region,br,Brazil,wue,0.09,L/kWh,2025,disclosed,regional (AWS South America - São Paulo region),"Amazon Web Services, Brazil Sustainability Fact Sheet (Key Sustainability Metrics table)",https://sustainability.aboutamazon.com/aws-sustainability-fact-sheets/aws-fact-sheet-brazil.pdf,"AWS São Paulo WUE 0.23 (2024), 0.09 (2025); PUE 1.14. AWS fact-sheet definition: WUE in litres per kWh for data centers operated by AWS, Jan 1-Dec 31 of each year; Amazon defines WUE as water withdrawn for data-center operations per kWh of IT load (on-site; excludes water embedded in electricity generation)."
water,region,in,India,ws,0.274,,2023,estimated,basin,"WRI Aqueduct 4.0 Water Risk Atlas, baseline annual data (Aqueduct40_baseline_annual, GDB layer 'baseline_annual', release Y2023M07D05); point-in-polygon lookup at the listed site coordinates",https://www.wri.org/data/aqueduct-global-maps-40-data,"Mumbai: basin pfaf 454035 score 1.37 (Low - Medium (10-20%)), withdrawal/available ratio 0.129 | Value = mean basin bws_score / 5 across 1 site point(s). Context: Maharashtra state/province score 4.20; country score 4.11 (Aqueduct 4.0 country/province rankings, all-sector 'Tot' weighting). Mumbai's coastal basin is Low-Medium; Maharashtra and India overall are Extremely High. (Aqueduct is a hydrological model output from WRI, hence confidence=estimated.)"
water,region,in,India,wue,1.1,L/kWh,2025,disclosed,regional (AWS Asia Pacific average) - proxy,"Amazon Web Services, Asia Pacific average WUE as shown on the AWS South Korea Sustainability Fact Sheet (1.10 L/kWh, 2025)",https://sustainability.aboutamazon.com/aws-sustainability-fact-sheets/aws-fact-sheet-south-korea.pdf,"No measured India WUE found: the AWS India fact sheet publishes PUE only (Mumbai 1.40, Hyderabad 1.43 in 2025). Microsoft's India regions have a DESIGN WUE of 0.00 L/kWh (Li et al. Table 1, marked under construction). APAC average used as a regional proxy; tropical coastal Mumbai with cooling towers could be closer to Singapore (1.6-2.2). Low confidence."
water,region,ng,Nigeria,ws,0.783,,2023,estimated,basin,"WRI Aqueduct 4.0 Water Risk Atlas, baseline annual data (Aqueduct40_baseline_annual, GDB layer 'baseline_annual', release Y2023M07D05); point-in-polygon lookup at the listed site coordinates",https://www.wri.org/data/aqueduct-global-maps-40-data,"Lagos: basin pfaf 143041 score 3.92 (High (40-80%)), withdrawal/available ratio 0.755 | Value = mean basin bws_score / 5 across 1 site point(s). Context: Lagos state/province score 2.30; country score 0.80 (Aqueduct 4.0 country/province rankings, all-sector 'Tot' weighting). Lagos lagoon/coastal basin rated High, far above Nigeria's national Low score. (Aqueduct is a hydrological model output from WRI, hence confidence=estimated.)"
water,region,ng,Nigeria,wue,1.39,L/kWh,2025,estimated,"climate estimate (country-level, cooling-tower model)","Shumba, Tshekiso, Li, Fanti & Ren, 'A Water Efficiency Dataset for African Data Centers' (ACM COMPASS 2025; arXiv 2412.03716), Country_Summary.csv: Nigeria on-site WUE 1.385339 L/kWh",https://huggingface.co/datasets/PengfeiLi/WaterEfficientDatasetForAfricanDataCenters,Modeled from national-average wet-bulb temperature (20.6 C) using a cooling-tower WUE formula; assumes evaporative cooling. No operator disclosure for Lagos found.
water,region,za,South Africa,ws,0.845,,2023,estimated,basin,"WRI Aqueduct 4.0 Water Risk Atlas, baseline annual data (Aqueduct40_baseline_annual, GDB layer 'baseline_annual', release Y2023M07D05); point-in-polygon lookup at the listed site coordinates",https://www.wri.org/data/aqueduct-global-maps-40-data,"Johannesburg: basin pfaf 127979 score 4.22 (Extremely High (>80%)), withdrawal/available ratio 0.933 | Value = mean basin bws_score / 5 across 1 site point(s). Context: Gauteng state/province score 4.62; country score 4.17 (Aqueduct 4.0 country/province rankings, all-sector 'Tot' weighting). (Aqueduct is a hydrological model output from WRI, hence confidence=estimated.)"
water,region,za,South Africa,wue,0.1,L/kWh,2025,disclosed,"fleet (Teraco, South Africa - mostly Johannesburg/Gauteng campuses)","Teraco, 'Powering progress: Teraco leads the way in sustainability and innovation' (blog, 30 Apr 2025)",https://www.teraco.co.za/blog/powering-progress-teraco-leads-the-way-in-sustainability-and-innovation/,"Teraco (largest SA colo operator, closed-loop / free cooling) reports WUE 0.10 L/kWh. Contrast: a climate model for evaporative (cooling-tower) sites gives 1.21 L/kWh for South Africa (Shumba et al. 2025 dataset). AWS Cape Town publishes no WUE ('--')."
water,region,sa,Saudi Arabia,ws,1.0,,2023,estimated,basin,"WRI Aqueduct 4.0 Water Risk Atlas, baseline annual data (Aqueduct40_baseline_annual, GDB layer 'baseline_annual', release Y2023M07D05); point-in-polygon lookup at the listed site coordinates",https://www.wri.org/data/aqueduct-global-maps-40-data,"Riyadh: basin pfaf 297818 score 5.00 (Extremely High (>80%)), withdrawal/available ratio 9999 (flag: no/negligible available water in sub-basin) | Value = mean basin bws_score / 5 across 1 site point(s). Context: Ar Riyad state/province score 4.97; country score 4.98 (Aqueduct 4.0 country/province rankings, all-sector 'Tot' weighting). Riyadh sub-basin returns raw ratio 9999 (negligible renewable supply; city relies on desalination and fossil groundwater). (Aqueduct is a hydrological model output from WRI, hence confidence=estimated.)"
water,region,sa,Saudi Arabia,wue,,L/kWh,,,none,,,"No disclosed or credibly modeled WUE for Saudi/Riyadh data centers found. AWS Bahrain and UAE fact sheets publish PUE only (1.33 and 1.25 in 2025). Trade-press claims that Saudi designs target WUE <0.2 L/kWh (dry/hybrid cooling) are targets, not measurements. Microsoft's EMEA fleet WUE (0.03, FY25) is dominated by European sites and is not a valid proxy for a hot-arid climate."
water,region,au,Australia,ws,0.0,,2023,estimated,basin,"WRI Aqueduct 4.0 Water Risk Atlas, baseline annual data (Aqueduct40_baseline_annual, GDB layer 'baseline_annual', release Y2023M07D05); point-in-polygon lookup at the listed site coordinates",https://www.wri.org/data/aqueduct-global-maps-40-data,"Greenbushes WA: basin pfaf 561104 score 0.00 (Low (<10%)), withdrawal/available ratio 0.032 | Value = mean basin bws_score / 5 across 1 site point(s). Context: Western Australia state/province score 2.40; country score 2.91 (Aqueduct 4.0 country/province rankings, all-sector 'Tot' weighting). (Aqueduct is a hydrological model output from WRI, hence confidence=estimated.)"
water,region,au,Australia,wue,0.1,L/kWh,2025,disclosed,regional (AWS Asia Pacific - Sydney region),"Amazon Web Services, Australia Sustainability Fact Sheet (Key Sustainability Metrics table)",https://sustainability.aboutamazon.com/aws-sustainability-fact-sheets/aws-fact-sheet-australia.pdf,"AWS Sydney WUE 0.12 (2024), 0.10 (2025); AWS Melbourne 0.02 (2024), 0.06 (2025). Microsoft Melbourne design WUE 0.012 (archived 'Australia East & Southeast' fact sheet). No Western Australia DC disclosure; Greenbushes is a lithium MINE (see caveats). AWS fact-sheet definition: WUE in litres per kWh for data centers operated by AWS, Jan 1-Dec 31 of each year; Amazon defines WUE as water withdrawn for data-center operations per kWh of IT load (on-site; excludes water embedded in electricity generation)."
water,region,mx,Mexico,ws,0.935,,2023,estimated,basin,"WRI Aqueduct 4.0 Water Risk Atlas, baseline annual data (Aqueduct40_baseline_annual, GDB layer 'baseline_annual', release Y2023M07D05); point-in-polygon lookup at the listed site coordinates",https://www.wri.org/data/aqueduct-global-maps-40-data,"Queretaro: basin pfaf 771480 score 4.67 (Extremely High (>80%)), withdrawal/available ratio 1.277 | Value = mean basin bws_score / 5 across 1 site point(s). Context: Querétaro state/province score 4.40; country score 4.00 (Aqueduct 4.0 country/province rankings, all-sector 'Tot' weighting). (Aqueduct is a hydrological model output from WRI, hence confidence=estimated.)"
water,region,mx,Mexico,wue,0.056,L/kWh,2023,projected,"site-region design value (Microsoft Mexico Central, Querétaro)","Li, Yang, Islam & Ren, 'Making AI Less ""Thirsty"": Uncovering and Addressing the Secret Water Footprint of AI Models' (arXiv 2304.03271 v5; Communications of the ACM), Table 1 - location-wise on-site WUE as reported by Microsoft - Mexico row, marked as data center under construction (projected)",https://arxiv.org/abs/2304.03271,Microsoft design WUE for its Querétaro region as compiled by Li et al.; not an operating measurement. The AWS Mexico fact sheet publishes no WUE. Microsoft definition: annual litres of water used for humidification and cooling / annual kWh used to power IT equipment (on-site only; excludes off-site water for electricity).
water,region,id,Indonesia,ws,0.0,,2023,estimated,basin,"WRI Aqueduct 4.0 Water Risk Atlas, baseline annual data (Aqueduct40_baseline_annual, GDB layer 'baseline_annual', release Y2023M07D05); point-in-polygon lookup at the listed site coordinates",https://www.wri.org/data/aqueduct-global-maps-40-data,"Grasberg: basin pfaf 531593 score 0.00 (Low (<10%)), withdrawal/available ratio 0.000 | Value = mean basin bws_score / 5 across 1 site point(s). Context: Papua state/province score 0.00; country score 2.67 (Aqueduct 4.0 country/province rankings, all-sector 'Tot' weighting). Grasberg highlands (very high rainfall) score 0; Indonesia national is Medium-High. (Aqueduct is a hydrological model output from WRI, hence confidence=estimated.)"
water,region,id,Indonesia,wue,2.85,L/kWh,2025,disclosed,regional (AWS Asia Pacific - Jakarta region),"Amazon Web Services, Indonesia Sustainability Fact Sheet (Key Sustainability Metrics table)",https://sustainability.aboutamazon.com/aws-sustainability-fact-sheets/aws-fact-sheet-indonesia.pdf,"AWS Jakarta WUE 2.75 (2024), 2.85 (2025); PUE 1.29. Microsoft Indonesia design WUE 1.90 (Li et al.). Hot-humid lowland Jakarta; Grasberg is a high-altitude copper/gold MINE, so DC WUE is not meaningful there (see caveats). AWS fact-sheet definition: WUE in litres per kWh for data centers operated by AWS, Jan 1-Dec 31 of each year; Amazon defines WUE as water withdrawn for data-center operations per kWh of IT load (on-site; excludes water embedded in electricity generation)."
sites-upstream,site,spruce,"Spruce Pine, North Carolina, US",p,,MW,,estimated,,"No public site-level electricity disclosure found (searched Sibelco news releases, The Quartz Corp site, Duke Energy/Helene coverage)",https://www.sibelco.com/en/news/sibelco-announces-a-major-expansion-of-its-spruce-pine-usa-high-purity-quartz-operations,Null. Sibelco and The Quartz Corp publish no Spruce Pine MWh or MW figures. Sibelco's group sustainability report is not broken out by site. Duke Energy serves the mines (a large-account manager is quoted in Helene coverage) but gives no load.
sites-upstream,site,spruce,"Spruce Pine, North Carolina, US",u,,ratio,,,,,,Left null because p is null: u and pue are only meaningful paired with a p derived from annual site consumption (then both are 1 by construction).
sites-upstream,site,spruce,"Spruce Pine, North Carolina, US",pue,,ratio,,,,,,Left null because p is null: u and pue are only meaningful paired with a p derived from annual site consumption (then both are 1 by construction).
sites-upstream,site,spruce,"Spruce Pine, North Carolina, US",g,0.26,per year,2025,projected,,"Sibelco, 'Sibelco announces a major expansion of its Spruce Pine (USA) high purity quartz operations'",https://www.sibelco.com/en/news/sibelco-announces-a-major-expansion-of-its-spruce-pine-usa-high-purity-quartz-operations,"Sibelco says a $200M investment will double HPQ installed capacity from the 2022 base between 2023 and 2025. (2)^(1/3)-1 = 26%/yr. This is capacity growth for Sibelco only (not TQC), and it assumes energy scales with capacity, which is an assumption. Historical proxy from the same release: HPQ production rose more than 30% from 2019 to 2022, so 1.3^(1/3)-1 = 9.1%/yr."
sites-upstream,site,spruce,"Spruce Pine, North Carolina, US",pop,2.302,million people,2025,estimated,,"European Commission JRC, GHSL GHS-POP R2023A, epoch 2025, 30 arc-second (~1 km) WGS84 grid",https://human-settlement.emergency.copernicus.eu/download.php?ds=pop,"Sum of GHS-POP 2025 grid cells whose centres lie within 100 km great-circle distance of Spruce Pine, NC (35.915, -82.065). Computed by us from the raster (no admin-boundary guesswork); GHSL 2025 is a modelled projection from census data, so treat as ±5-10%. Site coordinates are approximate (±2 km)."
sites-upstream,site,bayan,"Bayan Obo, Inner Mongolia, CN",p,,MW,2024,disclosed,,"No mine-level disclosure found. Related figure: China Northern Rare Earth 2024 ESG report, as reported by Securities Times (证券时报) 'ESG信披洞察', 2025-05-09",https://stcn.com/article/detail/1823379.html,"Null for the Bayan Obo mine itself, which Baotou Steel (Baogang) operates. No MWh or MW figure was found in Baogang or government sources. Related, NOT the mine: China Northern Rare Earth (Baotou processing/smelting, company-wide) bought 819,700 MWh (81.97万兆瓦时) of electricity in 2024, so 819,700/8760 = 93.6 MW. Use it only as a downstream-processing proxy."
sites-upstream,site,bayan,"Bayan Obo, Inner Mongolia, CN",u,,ratio,,,,,,Left null because p is null: u and pue are only meaningful paired with a p derived from annual site consumption (then both are 1 by construction).
sites-upstream,site,bayan,"Bayan Obo, Inner Mongolia, CN",pue,,ratio,,,,,,Left null because p is null: u and pue are only meaningful paired with a p derived from annual site consumption (then both are 1 by construction).
sites-upstream,site,bayan,"Bayan Obo, Inner Mongolia, CN",g,0.108,per year,2024,disclosed,,"China Northern Rare Earth 2024 ESG report, as reported by Securities Times (stcn.com), 2025-05-09",https://stcn.com/article/detail/1823379.html,"PROXY: CNRE purchased electricity grew 10.8% YoY in 2024. This is Baotou rare-earth processing (company-wide), not the Bayan Obo mine. The article says scope 1 and scope 2 emissions rose about 58% and 132% YoY as production expanded (green smelting upgrade, phase 1)."
sites-upstream,site,bayan,"Bayan Obo, Inner Mongolia, CN",pop,0.309,million people,2025,estimated,,"European Commission JRC, GHSL GHS-POP R2023A, epoch 2025, 30 arc-second (~1 km) WGS84 grid",https://human-settlement.emergency.copernicus.eu/download.php?ds=pop,"Sum of GHS-POP 2025 grid cells whose centres lie within 100 km great-circle distance of Bayan Obo mine (41.78, 109.97). Computed by us from the raster (no admin-boundary guesswork); GHSL 2025 is a modelled projection from census data, so treat as ±5-10%. Site coordinates are approximate (±2 km)."
sites-upstream,site,yamag,"Yamaguchi, Japan",p,,MW,2023,estimated,,"Ministry of the Environment Japan (EEGS) - 温室効果ガス排出量算定・報告・公表制度 事業所別排出量 (セントラル硝子株式会社 宇部工場, 特定排出者コード 985350103)",https://eegs.env.go.jp/ghg-santeikohyo-result/search,"Plant chosen: Central Glass Co. Ube Plant (Ube, Yamaguchi), which makes semiconductor process gases (etching/cleaning gases such as NF3/WF6); Central Glass Integrated Report 2025 notes exporting 半導体プロセスガス from Ube port next to the plant. No site-level electricity figure is published: Central Glass's Environment & Safety Data 2025 gives only group totals (group energy 4,721 TJ FY2024, including the glass business), and the 温対法 disclosure gives only CO2. EEGS FY2023 (Apr 2023-Mar 2024): total GHG 67,959 t, energy-origin CO2 58,123 t (FY2021: 64,554 t). Fuel and electricity are not split, so electricity can't be isolated. For scale only: IF all energy CO2 came from grid power at Chugoku Electric's FY2023 basic factor of 0.511 kgCO2/kWh, 58,123 t / 0.000511 = 113,744 MWh, or 13.0 MW. That is not a strict bound. A chemical plant also burns fuel for steam, so its real electricity use is probably lower. Left null. Other Yamaguchi candidates (Tokuyama Tokuyama Factory, Tosoh Nanyo) have in-house coal power, and chlor-alkali and other bulk chemicals dominate their load, so they are not representative of specialty gases."
sites-upstream,site,yamag,"Yamaguchi, Japan",u,,ratio,,,,,,Left null because p is null: u and pue are only meaningful paired with a p derived from annual site consumption (then both are 1 by construction).
sites-upstream,site,yamag,"Yamaguchi, Japan",pue,,ratio,,,,,,Left null because p is null: u and pue are only meaningful paired with a p derived from annual site consumption (then both are 1 by construction).
sites-upstream,site,yamag,"Yamaguchi, Japan",g,,fraction/yr,2023,estimated,,"Ministry of the Environment Japan (EEGS) - 事業所別排出量, セントラル硝子 宇部工場",https://eegs.env.go.jp/ghg-santeikohyo-result/search,"There is no electricity time series. The only site trend is energy-origin CO2: 64,554 t (FY2021) to 58,123 t (FY2023), a CAGR of (58123/64554)^0.5 - 1 = -5.1%/yr, and FY2022 was not reported. Emission-factor changes muddle this, so it is not used as an electricity growth rate. Central Glass group energy-origin CO2 went 300,512 t (FY2023) to 280,382 t (FY2024) (Environment & Safety Data 2025, https://www.cgco.co.jp/assets/pdf/sustainability/environment/environment_02.pdf)."
sites-upstream,site,yamag,"Yamaguchi, Japan",pop,6.891,million people,2025,estimated,,"European Commission JRC, GHSL GHS-POP R2023A, epoch 2025, 30 arc-second (~1 km) WGS84 grid",https://human-settlement.emergency.copernicus.eu/download.php?ds=pop,"Sum of GHS-POP 2025 grid cells whose centres lie within 100 km great-circle distance of Ube, Yamaguchi — Central Glass Ube plant area (33.95, 131.25). Computed by us from the raster (no admin-boundary guesswork); GHSL 2025 is a modelled projection from census data, so treat as ±5-10%. Site coordinates are approximate (±2 km)."
sites-upstream,site,green,"Greenbushes, Western Australia",p,18.44,MW,2024,measured,,"Talison Lithium, '2024 Sustainability Report' (performance data table)",https://static1.squarespace.com/static/5c0754e24611a07f1ab91992/t/68511903a861164b37ea16de/1758102635710/Talison+2024+Sustainability+Report+v2+WEB.pdf,"Grid electricity bought (SWIS) in CY2024 was 581,531 GJ. 581,531/3.6 = 161,536 MWh, and 161,536/8760 = 18.44 MW. Earlier years: CY2022 was 621,144 GJ (19.70 MW) and CY2023 was 605,375 GJ (19.20 MW), per the 2023 Sustainability Report. Electricity is a small share of site energy. Total CY2024 energy was 2,274,399 GJ, and diesel was 1,624,253 GJ (not included in p). Set u=1 and pue=1."
sites-upstream,site,green,"Greenbushes, Western Australia",u,1,fraction,2024,measured,,Derived: p comes from annual metered MWh,https://static1.squarespace.com/static/5c0754e24611a07f1ab91992/t/68511903a861164b37ea16de/1758102635710/Talison+2024+Sustainability+Report+v2+WEB.pdf,"p = annual MWh / 8760, so u = 1."
sites-upstream,site,green,"Greenbushes, Western Australia",pue,1,ratio,2024,measured,,Derived: p comes from annual metered MWh,https://static1.squarespace.com/static/5c0754e24611a07f1ab91992/t/68511903a861164b37ea16de/1758102635710/Talison+2024+Sustainability+Report+v2+WEB.pdf,"p is total site grid electricity, so pue = 1."
sites-upstream,site,green,"Greenbushes, Western Australia",g,-0.032,per year,2024,measured,,Talison Lithium 2023 and 2024 Sustainability Reports (CY grid electricity series),https://static1.squarespace.com/static/5c0754e24611a07f1ab91992/t/667e620d92f1c75a39fed585/1719558732183/Talison+Lithium-Sustainability+Report-2023.pdf,"CAGR of grid electricity from CY2022 to CY2024: (581,531/621,144)^(1/2)-1 = -3.2%/yr. CY2024 alone was -3.9% YoY. Total site energy grew about 19% in 2024 (diesel-driven). Upside is expected: Talison commissioned a 132 kV line and substation in 2023 to supply its expanding operations (CGP3 expansion), and a Rockingham waste-to-energy PPA was slated for late 2024 but delayed. Neither is quantified in MW."
sites-upstream,site,green,"Greenbushes, Western Australia",pop,0.192,million people,2025,estimated,,"European Commission JRC, GHSL GHS-POP R2023A, epoch 2025, 30 arc-second (~1 km) WGS84 grid",https://human-settlement.emergency.copernicus.eu/download.php?ds=pop,"Sum of GHS-POP 2025 grid cells whose centres lie within 100 km great-circle distance of Greenbushes mine (-33.86, 116.06). Computed by us from the raster (no admin-boundary guesswork); GHSL 2025 is a modelled projection from census data, so treat as ±5-10%. Site coordinates are approximate (±2 km)."
sites-upstream,site,grasb,"Grasberg, Papua, ID",p,220,MW,2018,disclosed,,"Freeport-McMoRan, '2020 Climate Report' (as reported by International Mining, 2021-09-30)",https://im-mining.com/2021/09/30/freeports-interim-scope-1-emissions-reduction-plan-includes-diesel-electric-drive-trucks-grasberg-dual-fuel-power-plant/,"Quote: 'PT-FI expects its average power demand to increase by 50 MW to a total of 270 MW annually (from a 2018 baseline year average of 220 MW)'. This is average demand, not capacity. The site generates all of its own power: a coal plant built in 1998, diesel peakers, and a 128 MW Wärtsilä dual-fuel plant commissioned in 2023. PT-FI reports zero Scope 2 and zero indirect energy. Total direct energy in 2023 was 30,239 TJ from all fuels (coal/coke 59%, diesel 27%, B30 biodiesel 14%), per 'Sustainability at PT Freeport Indonesia' (Dec 2024). Electricity cannot be separated from that total. Projected at full underground ramp-up: 270 MW."
sites-upstream,site,grasb,"Grasberg, Papua, ID",u,1,fraction,2018,disclosed,,Derived: p is a disclosed annual average demand,https://im-mining.com/2021/09/30/freeports-interim-scope-1-emissions-reduction-plan-includes-diesel-electric-drive-trucks-grasberg-dual-fuel-power-plant/,"p is already an annual-average load, so u = 1."
sites-upstream,site,grasb,"Grasberg, Papua, ID",pue,1,ratio,2018,disclosed,,Derived,https://im-mining.com/2021/09/30/freeports-interim-scope-1-emissions-reduction-plan-includes-diesel-electric-drive-trucks-grasberg-dual-fuel-power-plant/,"p is total site power demand, so pue = 1."
sites-upstream,site,grasb,"Grasberg, Papua, ID",g,0.038,per year,2023,measured,,"Freeport-McMoRan / PT-FI, 'Sustainability at PT Freeport Indonesia' (Dec 2024), Energy Consumption table",https://www.fcx.com/sites/fcx/files/documents/sustainability/PTFI_Sustainability_Report_DEC2024.pdf,"PT-FI total energy was 26,066 TJ (2019), 24,217 (2020), 26,422 (2021), 28,854 (2022) and 30,239 (2023). CAGR = (30,239/26,066)^(1/4)-1 = 3.8%/yr. 2023 alone was +4.8% YoY. This covers all fuels, not electricity only. Cross-check from the projected power demand of 220 to 270 MW: over about 5 years, (270/220)^(1/5)-1 = 4.2%/yr. The horizon is assumed because the report gives no end year."
sites-upstream,site,grasb,"Grasberg, Papua, ID",pop,1.591,million people,2025,estimated,,"European Commission JRC, GHSL GHS-POP R2023A, epoch 2025, 30 arc-second (~1 km) WGS84 grid",https://human-settlement.emergency.copernicus.eu/download.php?ds=pop,"Sum of GHS-POP 2025 grid cells whose centres lie within 100 km great-circle distance of Grasberg (-4.05, 137.11). Computed by us from the raster (no admin-boundary guesswork); GHSL 2025 is a modelled projection from census data, so treat as ±5-10%. Site coordinates are approximate (±2 km)."
sites-upstream,site,hsin,"Hsinchu, Taiwan",p,1420.3,MW,2025,measured,,"National Science and Technology Council (Taiwan), Science Park statistics database, table F-1 用電負載量 (electricity load, 萬kW), release 2026-09-10",https://wsts.nstc.gov.tw/stsweb/sciencepark/ScienceParkReport.aspx?language=C&quyid=tqelectric02,"Hsinchu Science Park, 新竹園區 (core park only; excludes Zhunan/Longtan/Tongluo/Yilan/biomed sub-parks). Mean of the 12 monthly load readings for 2025 (127.90...143.30 萬kW) = 142.03 萬kW = 1,420.3 MW. This is the whole park (TSMC Fabs 2/3/5/8/12A + R&D, plus UMC, Macronix, VIS, etc.), not TSMC alone; TSMC does not publish per-site electricity (its 2024 total was 25.55 TWh = 2,917 MW worldwide). Monthly readings are load (demand) figures, so treating their mean as average load may slightly overstate energy. 2024 mean = 1,349.4 MW; 2023 = 1,292.2 MW. Cross-check: Taipower 2025 extra-high-voltage sales in Hsinchu City (6,962 GWh) + Baoshan (2,519 GWh) = 9,481 GWh = 1,082 MW (EHV only; park tenants also take high-voltage supply)."
sites-upstream,site,hsin,"Hsinchu, Taiwan",u,1.0,ratio,,estimated,,Model convention,,"p is derived from total annual site electricity (MWh/yr / 8760), which already reflects actual utilisation and all facility overhead; so u=1 and pue=1 by construction (not a measured value)."
sites-upstream,site,hsin,"Hsinchu, Taiwan",pue,1.0,ratio,,estimated,,Model convention,,"p is derived from total annual site electricity (MWh/yr / 8760), which already reflects actual utilisation and all facility overhead; so u=1 and pue=1 by construction (not a measured value)."
sites-upstream,site,hsin,"Hsinchu, Taiwan",g,0.04,fraction/yr,2025,estimated,,"National Science and Technology Council (Taiwan), Science Park statistics database, table F-1 用電負載量 (electricity load, 萬kW), release 2026-09-10",https://wsts.nstc.gov.tw/stsweb/sciencepark/ScienceParkReport.aspx?language=C&quyid=tqelectric02,"CAGR of annual-mean park load 2022->2025: (1420.3/1261.7)^(1/3)-1 = 4.0%/yr. Latest YoY 2024->2025 = 1420.3/1349.4-1 = 5.3%. Jan-Aug 2026 mean is 1,507 MW (+6% vs 2025 full-year mean, partly seasonal). For context TSMC company-wide electricity grew 23.22 -> 25.55 TWh (+10%) 2023->2024."
sites-upstream,site,hsin,"Hsinchu, Taiwan",pop,16.245,million people,2025,estimated,,"European Commission JRC, GHSL GHS-POP R2023A, epoch 2025, 30 arc-second (~1 km) WGS84 grid",https://human-settlement.emergency.copernicus.eu/download.php?ds=pop,"Sum of GHS-POP 2025 grid cells whose centres lie within 100 km great-circle distance of Hsinchu Science Park (24.78, 121.01). Computed by us from the raster (no admin-boundary guesswork); GHSL 2025 is a modelled projection from census data, so treat as ±5-10%. Site coordinates are approximate (±2 km)."
sites-upstream,site,tainan,"Tainan, Taiwan",p,2046.7,MW,2025,estimated,,"Taiwan Power Company open data, 鄉鎮市(郵遞區)別用電統計 (electricity sales by township/postal district), dist_kwh_112/113/114.csv",https://data.gov.tw/dataset/14135,"Southern Taiwan Science Park (Tainan park) straddles Xinshi (744), Shanhua (741) and Anding (745) districts. Taipower 2025 extra-high-voltage (特高壓電力) sales: Xinshi 4,989 + Shanhua 6,092 + Anding 6,848 = 17,929 GWh -> 17,929,000 MWh / 8760 = 2,046.7 MW. EHV customers in these districts are overwhelmingly park fabs (TSMC Fabs 14 & 18, plus UMC 12A, Innolux etc.), but a few non-park EHV users may be included and park tenants on high-voltage supply are excluded. For comparison, the STSP Bureau reports the Tainan park approved/contracted supply (核供量, published as 用電負載量) at 2,374 MW average for 2025 (dataset 41299 / NSTC table F-1), i.e. actual use is ~86% of approved supply. Not TSMC-only."
sites-upstream,site,tainan,"Tainan, Taiwan",u,1.0,ratio,,estimated,,Model convention,,"p is derived from total annual site electricity (MWh/yr / 8760), which already reflects actual utilisation and all facility overhead; so u=1 and pue=1 by construction (not a measured value)."
sites-upstream,site,tainan,"Tainan, Taiwan",pue,1.0,ratio,,estimated,,Model convention,,"p is derived from total annual site electricity (MWh/yr / 8760), which already reflects actual utilisation and all facility overhead; so u=1 and pue=1 by construction (not a measured value)."
sites-upstream,site,tainan,"Tainan, Taiwan",g,0.023,fraction/yr,2025,estimated,,"Taiwan Power Company open data, 鄉鎮市(郵遞區)別用電統計 (electricity sales by township/postal district), dist_kwh_112/113/114.csv",https://data.gov.tw/dataset/14135,"Same three districts, EHV sales: 2023 17,147 GWh; 2024 17,613 GWh; 2025 17,929 GWh. CAGR 2023->2025 = (17929/17147)^0.5-1 = 2.3%/yr. Contracted supply grew faster earlier: 2022 mean 1,978 MW -> 2025 2,357 MW (6.0%/yr, STSP dataset 41299). Planned Shalun park (up to ~2.7 GW, TSMC sub-2nm) is not included."
sites-upstream,site,tainan,"Tainan, Taiwan",pop,7.273,million people,2025,estimated,,"European Commission JRC, GHSL GHS-POP R2023A, epoch 2025, 30 arc-second (~1 km) WGS84 grid",https://human-settlement.emergency.copernicus.eu/download.php?ds=pop,"Sum of GHS-POP 2025 grid cells whose centres lie within 100 km great-circle distance of STSP Tainan park (23.11, 120.27). Computed by us from the raster (no admin-boundary guesswork); GHSL 2025 is a modelled projection from census data, so treat as ±5-10%. Site coordinates are approximate (±2 km)."
sites-upstream,site,ptaek,"Pyeongtaek, South Korea",p,,MW,2024,disclosed,,"No site-level disclosure found. Upper bounds: Samsung Electronics, Sustainability Report 2025 (ESG data, Energy Management); Greenpeace Korea & Energy Transition Forum press release on local-government renewable self-sufficiency (reported by Seoul Shinmun, 2026-05-25)",https://www.greenpeace.org/korea/report/37491/presslease-renewable-energy/,"Samsung does not split electricity by campus. Two upper bounds only. (1) Samsung Korea electricity 2024 = 25,111 GWh, which covers every Korean site: Pyeongtaek, Giheung/Hwaseong, Onyang, Cheonan, Suwon, Gumi and others. 25,111,000 MWh / 8760 = 2,867 MW. (2) All electricity used in Pyeongtaek city in 2024 = 21.77 TWh (Greenpeace/Energy Transition Forum, from Power Exchange statistics). 21,770,000 / 8760 = 2,485 MW. This city total includes all non-Samsung users. Pyeongtaek city (21.77 TWh) plus Hwaseong city (21.37 TWh) comes to 43.1 TWh, well above Samsung's entire Korea total of 25.1 TWh. So the city totals are clearly not Samsung-only, and neither can be used as the campus value. KEPCO's city-level industrial sales dataset (data.go.kr 3069444) could not be downloaded, and no environmental impact assessment gave a disclosed MW figure. A null is left rather than an allocation, because no defensible Pyeongtaek share exists."
sites-upstream,site,ptaek,"Pyeongtaek, South Korea",u,,ratio,,,,,,Left null because p is null: u and pue are only meaningful paired with a p derived from annual site consumption (then both are 1 by construction).
sites-upstream,site,ptaek,"Pyeongtaek, South Korea",pue,,ratio,,,,,,Left null because p is null: u and pue are only meaningful paired with a p derived from annual site consumption (then both are 1 by construction).
sites-upstream,site,ptaek,"Pyeongtaek, South Korea",g,0.0816,fraction/yr,2024,disclosed,,"Samsung Electronics, Sustainability Report 2025, ESG data 'Energy Management': Electricity, Korea (GWh)",https://www.samsung.com/global/sustainability/,"This is company-level growth (all Samsung Korea sites), not Pyeongtaek-specific. Korea electricity was 21,360 GWh in 2022, 23,217 in 2023 and 25,111 in 2024. 25,111/23,217 - 1 = 8.16% for 2024. The prior year was 23,217/21,360 - 1 = 8.69%. Cross-check: DS (semiconductor) division electricity worldwide was 25,249 / 27,042 / 28,996 GWh, which is +7.23% in 2024 (28,996/27,042 - 1). Pyeongtaek is the main new-capacity site (P3/P4 ramps), so its own growth is likely higher than the company average. That is not quantified. The URL is the sustainability landing page. The figures were read from the report PDF already in the scratchpad (research/pdf/sam25.pdf)."
sites-upstream,site,ptaek,"Pyeongtaek, South Korea",pop,32.005,million people,2025,estimated,,"European Commission JRC, GHSL GHS-POP R2023A, epoch 2025, 30 arc-second (~1 km) WGS84 grid",https://human-settlement.emergency.copernicus.eu/download.php?ds=pop,"Sum of GHS-POP 2025 grid cells whose centres lie within 100 km great-circle distance of Samsung Pyeongtaek campus, Godeok (37.02, 127.05). Computed by us from the raster (no admin-boundary guesswork); GHSL 2025 is a modelled projection from census data, so treat as ±5-10%. Site coordinates are approximate (±2 km)."
sites-upstream,site,icheon,"Icheon, South Korea",p,,MW,2024,disclosed,,"No site-level disclosure found. Upper bound: SK hynix, 2025 Sustainability Report (지속가능경영보고서 2025), ESG Data, 총전력 사용량",https://k-esg.org/post/4392,"SK hynix reports electricity only company-wide. Scope: Icheon, Cheongju, Bundang, Seoul offices, Wuxi, Chongqing. Total electricity 2024 = 12,620 GWh, including SEC self-generation. 12,620,000 MWh / 8760 = 1,441 MW, a hard upper bound for Icheon. Site-level tables exist only for air pollutants, effluent quality and energy savings. The 2023 energy savings of Icheon 295 / Cheongju 223 / Wuxi 64.6 / Chongqing 2.4 GWh (2024 report, p.40) are savings, not consumption, so they are not a defensible allocation key. City-level KEPCO industrial sales for Icheon-si could not be retrieved, and no Icheon figure appears in the Greenpeace/Energy Transition Forum top-20 city list. A null is left rather than allocating."
sites-upstream,site,icheon,"Icheon, South Korea",u,,ratio,,,,,,Left null because p is null: u and pue are only meaningful paired with a p derived from annual site consumption (then both are 1 by construction).
sites-upstream,site,icheon,"Icheon, South Korea",pue,,ratio,,,,,,Left null because p is null: u and pue are only meaningful paired with a p derived from annual site consumption (then both are 1 by construction).
sites-upstream,site,icheon,"Icheon, South Korea",g,0.0507,fraction/yr,2024,disclosed,,"SK hynix, 2025 Sustainability Report (지속가능경영보고서 2025), ESG Data, 총전력 사용량 (GWh); prior year from 지속가능경영보고서 2024 p.81",https://k-esg.org/post/4392,"This is company-wide growth, not Icheon-specific. Total electricity was 12,011 GWh in 2023 and 12,620 GWh in 2024. 12,620/12,011 - 1 = 5.07%. Earlier years (9,887 / 10,921 / 12,083 GWh for 2020-2022) are domestic-only, while 2023 onward covers the whole company. So only the 2024 YoY is like-for-like. 2024 report PDF: https://kind.krx.co.kr/external/2024/07/23/000345/20240723001065/SK%ED%95%98%EC%9D%B4%EB%8B%89%EC%8A%A4%20%EC%A7%80%EC%86%8D%EA%B0%80%EB%8A%A5%EA%B2%BD%EC%98%81%EB%B3%B4%EA%B3%A0%EC%84%9C%202024.pdf. Icheon hosts the HBM ramp (M16), so its own growth may differ. That is not quantified."
sites-upstream,site,icheon,"Icheon, South Korea",pop,31.802,million people,2025,estimated,,"European Commission JRC, GHSL GHS-POP R2023A, epoch 2025, 30 arc-second (~1 km) WGS84 grid",https://human-settlement.emergency.copernicus.eu/download.php?ds=pop,"Sum of GHS-POP 2025 grid cells whose centres lie within 100 km great-circle distance of SK hynix Icheon campus (37.21, 127.48). Computed by us from the raster (no admin-boundary guesswork); GHSL 2025 is a modelled projection from census data, so treat as ±5-10%. Site coordinates are approximate (±2 km)."
sites-upstream,site,veld,"Veldhoven, Netherlands",p,,MW,2025,disclosed,,ASML - 2025 Annual Report based on IFRS (ESRS E1-5 energy consumption and mix; energy attribute certificates),https://ourbrand.asml.com/m/6ea363f69344ebd4/original/asml-2025-annual-report-based-on-ifrs.pdf,"ASML discloses only group energy. The 2024 and 2025 annual reports give no Veldhoven or Netherlands share. Group electricity 2025 = fossil purchased 3,251 + nuclear 0 + renewable purchased 525,147 + self-generated renewable 2,600 = 530,998 MWh. That figure also covers purchased heat, steam and cooling, which are minor. 530,998 / 8760 = 60.6 MW for ALL ASML sites, including Wilton, San Diego, Linkou, Tainan and Pyeongtaek. European renewable electricity, shown by Guarantees of Origin, was 350,694 MWh in 2025, or 40.0 MW. That covers all EU sites (Veldhoven, Eindhoven, Oirschot, Berlin), so it is a reasonable upper bound for Veldhoven, but no defensible Veldhoven-only share exists, so the value is null. Total group energy including natural gas was 639,585 MWh in 2025."
sites-upstream,site,veld,"Veldhoven, Netherlands",u,,ratio,,,,,,Left null because p is null: u and pue are only meaningful paired with a p derived from annual site consumption (then both are 1 by construction).
sites-upstream,site,veld,"Veldhoven, Netherlands",pue,,ratio,,,,,,Left null because p is null: u and pue are only meaningful paired with a p derived from annual site consumption (then both are 1 by construction).
sites-upstream,site,veld,"Veldhoven, Netherlands",g,0.109,fraction/yr,2025,estimated,,ASML - 2025 Annual Report based on IFRS (E1-5 table with 2024 and 2025 columns),https://ourbrand.asml.com/m/6ea363f69344ebd4/original/asml-2025-annual-report-based-on-ifrs.pdf,"COMPANY-level proxy. Electricity 2024 = 17,517 + 3,094 + 457,368 + 760 = 478,739 MWh; 2025 = 3,251 + 0 + 525,147 + 2,600 = 530,998 MWh. Growth: 530,998 / 478,739 - 1 = +10.9%. The EU Guarantees of Origin, a proxy for European electricity, rose from 313,250 to 350,694 MWh (+12.0%). Total energy went 582,244 to 639,585 MWh (+9.8%). ASML has started construction of a new Eindhoven (BIC Noord) campus for about 20,000 more workplaces. That campus is next to Veldhoven, not part of it."
sites-upstream,site,veld,"Veldhoven, Netherlands",pop,19.94,million people,2025,estimated,,"European Commission JRC, GHSL GHS-POP R2023A, epoch 2025, 30 arc-second (~1 km) WGS84 grid",https://human-settlement.emergency.copernicus.eu/download.php?ds=pop,"Sum of GHS-POP 2025 grid cells whose centres lie within 100 km great-circle distance of ASML Veldhoven (51.405, 5.415). Computed by us from the raster (no admin-boundary guesswork); GHSL 2025 is a modelled projection from census data, so treat as ±5-10%. Site coordinates are approximate (±2 km)."
sites-upstream,site,ober,"Oberkochen, Germany",p,,MW,2025,disclosed,,ZEISS Group - Sustainability Report 2024/25 (energy consumption and mix table),https://asset-downloads.zeiss.com/catalogs/download/cco2/199bb605-36f6-4108-8b14-b2b1e1885565/ZEISS_Sustainability_Report_2024_2025.pdf,"ZEISS discloses only group-wide energy. No site or SMT-segment energy is published, and no EMAS statement was found for Carl Zeiss SMT Oberkochen. FY2024/25 (Oct-Sep) group totals: total energy 680 GWh, or 77.6 MW. Purchased electricity, heat, steam and cooling (fossil 32 + renewable 481) plus self-generated renewable 4 = 517 GWh, or 59.0 MW. These are upper bounds covering all ZEISS sites worldwide, including Jena, Wetzlar, Aalen, the Oberkochen main plant and non-SMT segments. SMT's share of revenue is not a defensible energy share, so the value is null. The report notes a new heat-pump energy center (NBG 5) at the SMT South Factory in Oberkochen, and Oberkochen PV produced about 1 GWh in FY2024/25."
sites-upstream,site,ober,"Oberkochen, Germany",u,,ratio,,,,,,Left null because p is null: u and pue are only meaningful paired with a p derived from annual site consumption (then both are 1 by construction).
sites-upstream,site,ober,"Oberkochen, Germany",pue,,ratio,,,,,,Left null because p is null: u and pue are only meaningful paired with a p derived from annual site consumption (then both are 1 by construction).
sites-upstream,site,ober,"Oberkochen, Germany",g,0.049,fraction/yr,2025,estimated,,ZEISS Group - Sustainability Report 2024/25,https://asset-downloads.zeiss.com/catalogs/download/cco2/199bb605-36f6-4108-8b14-b2b1e1885565/ZEISS_Sustainability_Report_2024_2025.pdf,"COMPANY-level proxy based on total energy, not electricity; no electricity split is given for the prior year. Total energy went from 648 GWh (FY2023/24) to 680 GWh (FY2024/25): 680 / 648 - 1 = +4.9%. The 2018/19 baseline was 549 GWh."
sites-upstream,site,ober,"Oberkochen, Germany",pop,8.137,million people,2025,estimated,,"European Commission JRC, GHSL GHS-POP R2023A, epoch 2025, 30 arc-second (~1 km) WGS84 grid",https://human-settlement.emergency.copernicus.eu/download.php?ds=pop,"Sum of GHS-POP 2025 grid cells whose centres lie within 100 km great-circle distance of Zeiss Oberkochen (48.785, 10.10). Computed by us from the raster (no admin-boundary guesswork); GHSL 2025 is a modelled projection from census data, so treat as ±5-10%. Site coordinates are approximate (±2 km)."
sites-upstream,site,kaoh,"Kaohsiung, Taiwan",p,146.4,MW,2024,disclosed,,"ASE Kaohsiung (ASEKH), 2024 ASE Kaohsiung Sustainability Report, p.45 ""Analysis of Electricity Consumption""",https://ase.aseglobal.com/public/downloads/en/2024-asekh-csr-report-en.pdf,"ASE Kaohsiung (K-sites in Nanzih Technology Industrial Park) consumed 1,282,901 MWh in 2024 -> 1,282,901/8760 = 146.4 MW. Covers ASE Kaohsiung only. TSMC Kaohsiung Fab 22 (2nm, Nanzi) is not included; Taipower data show Nanzi district extra-high-voltage sales jumping from 506 GWh (2024) to 1,448 GWh (2025) as it ramps (+108 MW average), and Kaohsiung (Lujhu) science park load of ~233 MW in 2025 (NSTC table F-1)."
sites-upstream,site,kaoh,"Kaohsiung, Taiwan",u,1.0,ratio,,estimated,,Model convention,,"p is derived from total annual site electricity (MWh/yr / 8760), which already reflects actual utilisation and all facility overhead; so u=1 and pue=1 by construction (not a measured value)."
sites-upstream,site,kaoh,"Kaohsiung, Taiwan",pue,1.0,ratio,,estimated,,Model convention,,"p is derived from total annual site electricity (MWh/yr / 8760), which already reflects actual utilisation and all facility overhead; so u=1 and pue=1 by construction (not a measured value)."
sites-upstream,site,kaoh,"Kaohsiung, Taiwan",g,0.024,fraction/yr,2024,disclosed,,"ASE Kaohsiung (ASEKH), 2024 ASE Kaohsiung Sustainability Report, p.45 ""Analysis of Electricity Consumption""",https://ase.aseglobal.com/public/downloads/en/2024-asekh-csr-report-en.pdf,"ASEKH electricity 2023 = 1,252,590 MWh; 2024 = 1,282,901 MWh -> +2.4%. Longer run 2015 (929,001 MWh) -> 2024: (1282901/929001)^(1/9)-1 = 3.7%/yr."
sites-upstream,site,kaoh,"Kaohsiung, Taiwan",pop,6.105,million people,2025,estimated,,"European Commission JRC, GHSL GHS-POP R2023A, epoch 2025, 30 arc-second (~1 km) WGS84 grid",https://human-settlement.emergency.copernicus.eu/download.php?ds=pop,"Sum of GHS-POP 2025 grid cells whose centres lie within 100 km great-circle distance of ASE Kaohsiung, Nanzih (22.72, 120.30). Computed by us from the raster (no admin-boundary guesswork); GHSL 2025 is a modelled projection from census data, so treat as ±5-10%. Site coordinates are approximate (±2 km)."
sites-upstream,site,hiro,"Hiroshima, Japan",p,173.3,MW,2023,estimated,,"Ministry of the Environment Japan (EEGS) - 温室効果ガス排出量算定・報告・公表制度 事業所別排出量: マイクロンメモリジャパン株式会社 FAB15 (Higashihiroshima), 特定排出者コード 987907697; Micron Technology 2026 Sustainability Report (energy table); Chugoku Electric 環境関連データ集 2025 (emission factor)",https://eegs.env.go.jp/ghg-santeikohyo-result/office?spEmitCode=987907697&office=%E3%83%9E%E3%82%A4%E3%82%AF%E3%83%AD%E3%83%B3%E3%83%A1%E3%83%A2%E3%83%AA%E3%80%80%E3%82%B8%E3%83%A3%E3%83%91%E3%83%B3%E6%A0%AA%E5%BC%8F%E4%BC%9A%E7%A4%BE%E3%80%80FAB15,"Neither Micron nor the Japanese government publishes the site's electricity use in MWh. The Micron 2026 Sustainability Report gives only company totals. This value is back-calculated from the disclosed site CO2. EEGS FY2023 (Apr 2023-Mar 2024) for FAB15: total GHG 1,108,474 t, energy-origin CO2 844,033 t. Assumptions: (a) grid factor = Chugoku Electric basic factor 0.511 kgCO2/kWh (FY2023 actual); (b) the fuel-to-electricity energy ratio matches Micron's global FY25 mix, 2,454,135 / 9,791,521 = 0.2506 MWh fuel per MWh electricity; (c) fuel is city gas at about 0.180 tCO2/MWh. Electricity = 844,033 / (0.511 + 0.2506 x 0.180) = 1,517,800 MWh, and 1,517,800 / 8760 = 173.3 MW. Upper-leaning variant (all energy CO2 from electricity): 844,033 / 0.000511 = 1,651,700 MWh, or 188.6 MW. Treat the range as roughly 170-190 MW, and more uncertain than that if Micron buys from a retailer with a different emission factor. For context, Micron company-wide electricity in FY25 was 9,791,521 MWh (1,118 MW), so FAB15 would be about 15% of the company."
sites-upstream,site,hiro,"Hiroshima, Japan",u,1,fraction,2023,estimated,,Model convention,,Set u=1 because p is average annual power (annual MWh / 8760).
sites-upstream,site,hiro,"Hiroshima, Japan",pue,1,ratio,2023,estimated,,Model convention,,"Set pue=1 because p is whole-site electricity, which includes fab utilities."
sites-upstream,site,hiro,"Hiroshima, Japan",g,0.068,fraction/yr,2025,estimated,,"Micron Technology - 2026 Sustainability Report, Performance at a glance: Energy",https://tw.micron.com/content/dam/micron/global/public/programs/sustainability/documents/micron-technology-2026-sustainability-report.pdf,"COMPANY-level proxy, not the site. Micron electricity = purchased nonrenewable + purchased renewable + onsite renewable. FY24: 8,384,845 + 783,604 + 270 = 9,168,719 MWh. FY25: 8,530,107 + 1,260,476 + 938 = 9,791,521 MWh. Growth: 9,791,521 / 9,168,719 - 1 = +6.8%. Site-specific upside: Micron broke ground in July 2026 on a new Hiroshima cleanroom within a ~1.5 trillion yen investment plan with METI support of up to 536 billion yen (Nikkei, EE Times Japan), so Hiroshima growth after 2027 is likely to run above this company rate. The expansion's electricity demand has not been published."
sites-upstream,site,hiro,"Hiroshima, Japan",pop,5.465,million people,2025,estimated,,"European Commission JRC, GHSL GHS-POP R2023A, epoch 2025, 30 arc-second (~1 km) WGS84 grid",https://human-settlement.emergency.copernicus.eu/download.php?ds=pop,"Sum of GHS-POP 2025 grid cells whose centres lie within 100 km great-circle distance of Micron Hiroshima, Higashihiroshima (34.44, 132.75). Computed by us from the raster (no admin-boundary guesswork); GHSL 2025 is a modelled projection from census data, so treat as ±5-10%. Site coordinates are approximate (±2 km)."
sites-upstream,site,chand,"Chandler, Arizona, US",p,268.9,MW,2024,disclosed,,"Intel - Explore Intel site environmental performance pages (Ocotillo and Chandler campuses, calendar-year 2024 data)",https://www.exploreintel.com/ocotillo,"Site 'Energy Used' for CY2024: Ocotillo campus 2,111,443 MWh (https://www.exploreintel.com/ocotillo) plus Chandler campus 243,936 MWh (https://www.exploreintel.com/chandler) = 2,355,379 MWh. 2,355,379 / 8760 = 268.9 MW. Caveat: Intel's corporate 'energy use' metric includes electricity, gas and diesel, so this site figure probably includes natural gas. Electricity-only estimate: the NIST Draft Environmental Assessment for Intel Ocotillo (July 2024) says Ocotillo used about 15,800,000 therms of gas in 2023. At 29.3071 kWh/therm that is 463,052 MWh, giving (2,355,379 - 463,052) / 8760 = 216.0 MW. That still includes the Chandler campus's unknown gas use, so it leans high. Same EA: Fab 42 alone has an estimated maximum demand of 1.7 GWh/day (70.8 MW), and SRP's High-Tech Interconnection Project provides about 630 MW of load-serving capacity (all phases done April 2024). Renewable electricity: 98%."
sites-upstream,site,chand,"Chandler, Arizona, US",u,1,fraction,2024,estimated,,Model convention,,Set u=1 because p is average annual power (annual MWh / 8760).
sites-upstream,site,chand,"Chandler, Arizona, US",pue,1,ratio,2024,estimated,,Model convention,,"Set pue=1 because p is whole-site energy, which includes fab utilities."
sites-upstream,site,chand,"Chandler, Arizona, US",g,0.056,fraction/yr,2024,estimated,,Intel - 2024-25 Corporate Responsibility Report Executive Summary (key metrics table),https://csrreportbuilder.intel.com/pdfbuilder/pdfs/CSR-2024-25-Executive-Summary.pdf,"COMPANY-level proxy. Intel energy use (electricity, gas and diesel) went from 10.8 billion kWh (2023) to 11.4 billion kWh (2024): 11.4 / 10.8 - 1 = +5.6%. The earlier series was 10.6 (2020), 11.6 (2021), 10.9 (2022), so it is flat-to-noisy. Site-specific projection: the NIST Draft EA (July 2024, https://www.nist.gov/system/files/documents/2024/07/08/Intel%20Ocotillo%20EA_DRAFT%20FINAL_VOLUME%201%208July2024.pdf) puts full-production demand for Fabs 42+52+62 at 8.5 GWh/day, or 354 MW. That is 1.7 GWh/day for Fab 42 and an estimated 3.4 GWh/day each for the new Fabs 52 and 62. So the ramp of Fabs 52 and 62 could add up to about 283 MW over several years, but the ramp timing is not disclosed."
sites-upstream,site,chand,"Chandler, Arizona, US",pop,5.445,million people,2025,estimated,,"European Commission JRC, GHSL GHS-POP R2023A, epoch 2025, 30 arc-second (~1 km) WGS84 grid",https://human-settlement.emergency.copernicus.eu/download.php?ds=pop,"Sum of GHS-POP 2025 grid cells whose centres lie within 100 km great-circle distance of Intel Ocotillo, Chandler (33.27, -111.88). Computed by us from the raster (no admin-boundary guesswork); GHSL 2025 is a modelled projection from census data, so treat as ±5-10%. Site coordinates are approximate (±2 km)."
sites-downstream,site,zheng,"Zhengzhou, China",p,,MW,,,,,,"Foxconn Zhengzhou (Airport Economy Zone) is primarily an iPhone assembly campus, not mainly server assembly and not a data center. No plant electricity consumption disclosed; Hon Hai sustainability reports give group-level energy only. Hon Hai (Sep 2026) cites ~125.68 MW installed+planned solar across major sites incl. Zhengzhou, generating ~117 GWh/yr - on-site generation, not load (https://focustaiwan.tw/business/202609070018)."
sites-downstream,site,zheng,"Zhengzhou, China",u,,fraction,,,,,,Not applicable / not disclosed for a manufacturing plant.
sites-downstream,site,zheng,"Zhengzhou, China",pue,,ratio,,,,,,"PUE does not apply to a factory. If modelling, set PUE=1 and treat p as average plant electrical load."
sites-downstream,site,zheng,"Zhengzhou, China",g,,fraction/yr,,,,,,No sourced plant-load growth figure.
sites-downstream,site,zheng,"Zhengzhou, China",pop,12.6,million,2020,measured,,"National Bureau of Statistics of China, 7th census (Zhengzhou prefecture 12,600,574, via citypopulation.de)",https://www.citypopulation.de/en/china/henan/admin/,"Prefecture-level city total. A 100 km radius also takes in parts of Kaifeng, Xinxiang, Xuchang etc., so this is a lower bound."
sites-downstream,site,taoy,"Taoyuan, Taiwan",p,,MW,,,,,,Quanta/Wistron/Foxconn Taoyuan rack-integration plants: no site-level electricity disclosures found; company sustainability reports give company-wide totals only.
sites-downstream,site,taoy,"Taoyuan, Taiwan",u,,fraction,,,,,,Not applicable to manufacturing.
sites-downstream,site,taoy,"Taoyuan, Taiwan",pue,,ratio,,,,,,Not applicable to a factory (use 1 if modelling plant load directly).
sites-downstream,site,taoy,"Taoyuan, Taiwan",g,,fraction/yr,,,,,,No sourced figure.
sites-downstream,site,taoy,"Taoyuan, Taiwan",pop,9.34,million,2023,estimated,,"Taiwan official statistics via Wikipedia: 'Taoyuan, Taiwan' (2,293,509, Mar 2023) and 'Taipei-Keelung metropolitan area' (7,048,243)",https://en.wikipedia.org/wiki/Taipei%E2%80%93Keelung_metropolitan_area,"Derived: Taoyuan City 2.29 M + Taipei-Keelung metro 7.05 M = 9.34 M; Taipei is ~40 km away so both fall inside 100 km. Hsinchu (~1 M, ~60 km) not added."
sites-downstream,site,ashb,"Ashburn, Virginia, US",p,4182.0,MW,2026,estimated,,"CBRE Research, Global Data Center Trends 2026 (Q1 2026 data)",https://www.cbre.com/insights/reports/global-data-center-trends-2026,"Northern Virginia wholesale/colocation inventory, Q1 2026 (+1,135.9 MW YoY). End-2025: 4,039.6 MW (CBRE North America Data Center Trends H2 2025). CBRE tracks third-party inventory; owner-operated hyperscale self-builds are NOT fully included. Cross-check: Dominion Energy reports a 2025 data-center coincident peak of ~4 GW (facility power, all its Virginia DC customers) - Dominion letter to PJM on the 2026 large-load adjustment, 6 Jan 2026 (https://www.pjm.com/-/media/DotCom/planning/res-adeq/load-forecast/dominion-documentation.pdf). Pipeline: 47 GW of contracts (9.8 ESA + 7.1 CLOA + 30.1 ELOA) as of Jul 2025 - planned, not operational; Dominion forecasts 16.6 GW of DC demand by 2046."
sites-downstream,site,ashb,"Ashburn, Virginia, US",u,0.997,fraction,2026,estimated,,"CBRE Research, Global Data Center Trends 2026 (Q1 2026 data)",https://www.cbre.com/insights/reports/global-data-center-trends-2026,"1 - vacancy (0.3%, Q1 2026). This is LEASED share, not power drawn. Dominion's ~4 GW facility coincident peak vs ~4.0 GW IT inventory implies u*PUE <= ~1 even at peak (and Dominion's figure also covers self-built hyperscale), so true average draw utilisation is well below 0.997 - see caveats (Ireland metered calibration)."
sites-downstream,site,ashb,"Ashburn, Virginia, US",pue,1.56,ratio,2024,estimated,,"Uptime Institute, Global Data Center Survey 2024 (industry average annual PUE, largest facility per respondent)",https://datacenter.uptimeinstitute.com/rs/711-RIA-145/images/2024.GlobalDataCenterSurvey.Report.pdf,"No market-specific average PUE found; Uptime 2024 global industry average (1.56; the 2025 survey reports it essentially unchanged, ~1.54) used as a colo-heavy market default. Hyperscale halls run far lower (Google campuses 1.04-1.17 TTM), so this likely overstates the market blend. Google's two Loudoun County campuses report 1.08 TTM (Q2 2026)."
sites-downstream,site,ashb,"Ashburn, Virginia, US",g,0.373,fraction/yr,2026,estimated,,"CBRE Research, Global Data Center Trends 2026 (Q1 2026 data)",https://www.cbre.com/insights/reports/global-data-center-trends-2026,"Inventory growth Q1 2025 -> Q1 2026: 1,135.9 / (4,182.0 - 1,135.9 = 3,046.1) = 37.3%. Capacity growth, not metered load growth."
sites-downstream,site,ashb,"Ashburn, Virginia, US",pop,6.39,million,2020,measured,,"U.S. Census Bureau, 2020 Census (Washington-Arlington-Alexandria MSA, 6,385,162)",https://www.census.gov/library/visualizations/interactive/2020-population-and-housing-state-data.html,MSA used as proxy for 100 km radius around Ashburn. Radius also clips western Baltimore suburbs; CSA incl. Baltimore ~9.5 M (2016 est.).
sites-downstream,site,dalles,"The Dalles, Oregon, US",p,,MW,,,,,,"Google does not publish per-campus IT/electrical capacity or electricity use (2025 Environmental Report gives per-site PUE and water only). Third-party trackers (e.g. Compute Atlas) list ~300 MW, and 2009 press cited ~330 GWh/yr, but neither is a primary disclosure. Proxy: Google reports The Dalles water withdrawal 461.1 M gal / consumption 361.4 M gal in 2024 (Google 2025 Environmental Report, https://www.gstatic.com/gumdrop/sustainability/google-2025-environmental-report.pdf)."
sites-downstream,site,dalles,"The Dalles, Oregon, US",u,,fraction,,,,,,Not disclosed.
sites-downstream,site,dalles,"The Dalles, Oregon, US",pue,1.08,ratio,2026,disclosed,,"Google Data Centers, 'Power usage effectiveness' (per-campus quarterly and trailing-twelve-month PUE, Q2 2026)",https://datacenters.google/efficiency/,"Unweighted mean of Google's three The Dalles facilities, TTM Q2 2026: 1.10, 1.06, 1.08. (2024 values in Google 2025 Environmental Report: 1.10 and 1.06-1.07 for the two then-reported facilities.)"
sites-downstream,site,dalles,"The Dalles, Oregon, US",g,,fraction/yr,,,,,,Not disclosed.
sites-downstream,site,dalles,"The Dalles, Oregon, US",pop,0.026,million,2020,measured,,"U.S. Census Bureau 2020 (The Dalles micropolitan area, 26,403) via Wikipedia","https://en.wikipedia.org/wiki/The_Dalles,_Oregon","Micropolitan area only. A full 100 km radius adds Hood River, Klickitat and Sherman counties (tens of thousands); Portland metro is ~130 km away and excluded."
sites-downstream,site,cbluff,"Council Bluffs, Iowa, US",p,,MW,,,,,,"Not disclosed by Google. The often-cited 407 MW is the MidAmerican wind PPA (energy procurement), not site load. Proxy: Google reports Council Bluffs water withdrawal 1,410.3 M gal / consumption 1,010.2 M gal in 2024 (Google 2025 Environmental Report)."
sites-downstream,site,cbluff,"Council Bluffs, Iowa, US",u,,fraction,,,,,,Not disclosed.
sites-downstream,site,cbluff,"Council Bluffs, Iowa, US",pue,1.1,ratio,2026,disclosed,,"Google Data Centers, 'Power usage effectiveness' (per-campus quarterly and trailing-twelve-month PUE, Q2 2026)",https://datacenters.google/efficiency/,"Unweighted mean of Google's two Council Bluffs facilities, TTM Q2 2026: 1.11 and 1.08 -> 1.095."
sites-downstream,site,cbluff,"Council Bluffs, Iowa, US",g,,fraction/yr,,,,,,Not disclosed.
sites-downstream,site,cbluff,"Council Bluffs, Iowa, US",pop,1.0,million,2024,measured,,"U.S. Census Bureau Vintage 2024 estimate, Omaha-Council Bluffs MSA (1,001,010), as reported by Grow Omaha",https://growomaha.com/an-analysis-of-omahas-million-plus-metro-population/,"MSA used as proxy for 100 km radius; Lincoln NE (~0.3 M, ~85 km) not included."
sites-downstream,site,abil,"Abilene, Texas, US",p,200,MW,2026,estimated,,"Epoch AI, 'OpenAI Stargate: where the US sites stand' (20 Apr 2026, corrected 23 Apr citing an Oracle post of 22 Apr 2026)",https://epochai.substack.com/p/openai-stargate-where-the-us-sites,~200 MW IT (~0.3 GW facility) operational as of Apr 2026; four of eight buildings reported live. PLANNED: 1.2 GW (8 buildings) by end-2026 (Crusoe). A separate 900 MW Crusoe campus for Microsoft is also planned in Abilene (projected). The Sep 2026 figure is likely higher than 200 MW.
sites-downstream,site,abil,"Abilene, Texas, US",u,,fraction,,,,,,"No disclosure. Frontier training clusters typically run near full power when training, but no sourced figure."
sites-downstream,site,abil,"Abilene, Texas, US",pue,1.3,ratio,2025,disclosed,,"Crusoe, 'Crusoe 2025 impact report: sustainable intelligence'",https://www.crusoe.ai/resources/blog/crusoes-2025-impact-report,"Crusoe states phase 1 was built to an annualized DESIGN PUE of 1.2-1.4 (closed-loop, air-cooled chillers, non-evaporative); 1.3 = midpoint. Design value, not measured."
sites-downstream,site,abil,"Abilene, Texas, US",g,,fraction/yr,,,,,,Build-out is step-wise: ~200 MW (Apr 2026) -> 1.2 GW planned by end-2026 (projected ~6x). No meaningful steady annual rate; model as a projected step.
sites-downstream,site,abil,"Abilene, Texas, US",pop,0.177,million,2020,measured,,"U.S. Census Bureau 2020, Abilene TX MSA (176,579) via Wikipedia",https://en.wikipedia.org/wiki/Abilene_metropolitan_area,MSA; a 100 km radius adds only sparsely populated counties.
sites-downstream,site,dubl,"Dublin, Ireland",p,1528,MW,2025,estimated,,"KPMG for Dept. of Enterprise, Tourism and Employment (Ireland), 'The value of data centres to Ireland' (March 2026)",https://enterprise.gov.ie/en/publications/publication-files/the-value-of-data-centres-to-ireland.pdf,"KPMG: 1,543 MW installed data-centre IT capacity in Ireland as of 2025 (72 operational buildings, 36 sites, 25 operators; ~88% hyperscale), 99% in the Greater Dublin Area -> 1,543 x 0.99 = 1,528 MW. KPMG projects only +300 MW to 1,843 MW by 2030 (grid-constrained). Other market reports differ widely (e.g. Mordor 'Dublin 550 MW'); KPMG is the government-commissioned figure."
sites-downstream,site,dubl,"Dublin, Ireland",u,0.363,fraction,2025,estimated,,"Derived from CSO metered consumption (7,663 GWh, 2025) and KPMG installed capacity (1,543 MW)",https://www.cso.ie/en/releasesandpublications/ep/p-dcmec/datacentresmeteredelectricityconsumption2025/keyfindings/,"METERED calibration: 7,663,000 MWh / (1,543 MW x 8,760 h) = 0.567 = u*PUE. With PUE 1.56 -> u = 0.567 / 1.56 = 0.363. With hyperscale PUE ~1.08 (Google Dublin), u = 0.525. KPMG itself assumes 75% 'utilisation', but that is inconsistent with metered energy (it would imply PUE < 1)."
sites-downstream,site,dubl,"Dublin, Ireland",pue,1.56,ratio,2024,estimated,,"Uptime Institute, Global Data Center Survey 2024 (industry average annual PUE, largest facility per respondent)",https://datacenter.uptimeinstitute.com/rs/711-RIA-145/images/2024.GlobalDataCenterSurvey.Report.pdf,"No market-specific average PUE found; Uptime 2024 global industry average (1.56; the 2025 survey reports it essentially unchanged, ~1.54) used as a colo-heavy market default. Hyperscale halls run far lower (Google campuses 1.04-1.17 TTM), so this likely overstates the market blend. Google Dublin reports 1.08 TTM (Q2 2026). Whatever PUE is chosen, keep u*PUE = 0.567 so E matches CSO's metered 7,663 GWh."
sites-downstream,site,dubl,"Dublin, Ireland",g,0.1,fraction/yr,2025,measured,,"Central Statistics Office (Ireland), Data Centres Metered Electricity Consumption 2025 - Key Findings",https://www.cso.ie/en/releasesandpublications/ep/p-dcmec/datacentresmeteredelectricityconsumption2025/keyfindings/,"Metered DC electricity +10% (6,973 GWh 2024 -> 7,663 GWh 2025; 22% -> 23% of national metered electricity; national figure, ~99% of capacity is in the GDA). Forward capacity growth is much lower: KPMG +300 MW over 2025-2030 ~ 3.6%/yr. EirGrid forecasts DC demand of 14.6 TWh by 2034 (projected)."
sites-downstream,site,dubl,"Dublin, Ireland",pop,2.16,million,2024,estimated,,"Greater Dublin Area 2024 estimate (2,159,000), via Wikipedia (CSO-based)",https://en.wikipedia.org/wiki/Greater_Dublin_Area,"GDA = Dublin, Kildare, Meath, Wicklow; a ~100 km radius also reaches Louth and Carlow (~+0.3 M, not added)."
sites-downstream,site,jurong,"Jurong, Singapore",p,1043,MW,2025,estimated,,"Cushman & Wakefield, 'Asia Pacific's Data Centre Development Pipeline Hits Record 19.4GW in 2025' (APAC Data Centre Update H2 2025, 27 Mar 2026)",https://www.cushmanwakefield.com/en/singapore/news/2026/03/apac-data-centre-development-pipeline-hits-record-in-2025,"Singapore operational IT capacity end-2025 (whole island; Jurong/West is one cluster within it). Government (IMDA Green DC Roadmap, May 2024) cited ~1.4 GW across 70+ data centres - likely a different (gross/contracted) definition. Additional allocations: >=300 MW near-term under the roadmap and DC-CFA2 >=200 MW (Dec 2025) - planned, not operational."
sites-downstream,site,jurong,"Jurong, Singapore",u,0.951,fraction,2025,estimated,,"Cushman & Wakefield, 'Asia Pacific's Data Centre Development Pipeline Hits Record 19.4GW in 2025' (APAC Data Centre Update H2 2025, 27 Mar 2026)",https://www.cushmanwakefield.com/en/singapore/news/2026/03/apac-data-centre-development-pipeline-hits-record-in-2025,"1 - vacancy (4.9%, C&W end-2025). CBRE reports 2% vacancy (Q1 2026). Leased share, not power drawn."
sites-downstream,site,jurong,"Jurong, Singapore",pue,1.56,ratio,2024,estimated,,"Uptime Institute, Global Data Center Survey 2024 (industry average annual PUE, largest facility per respondent)",https://datacenter.uptimeinstitute.com/rs/711-RIA-145/images/2024.GlobalDataCenterSurvey.Report.pdf,"No market-specific average PUE found; Uptime 2024 global industry average (1.56; the 2025 survey reports it essentially unchanged, ~1.54) used as a colo-heavy market default. Hyperscale halls run far lower (Google campuses 1.04-1.17 TTM), so this likely overstates the market blend. No official Singapore average PUE published; commentary puts older Singapore halls at 1.6-1.9; IMDA targets <=1.3 at full load for all DCs within 10 years and 1.25 for DC-CFA2 capacity. Google's two Singapore campuses: 1.12 and 1.15 TTM."
sites-downstream,site,jurong,"Jurong, Singapore",g,,fraction/yr,,,,,,"No clean YoY figure found. Supply is quota-controlled: C&W reported Singapore crossing 1 GW in H1 2025 after adding 31 MW; 1,043 MW at end-2025. IMDA/EDB allocations of 300 MW + 200 MW are projected."
sites-downstream,site,jurong,"Jurong, Singapore",pop,6.21,million,2026,measured,,"Singapore Department of Statistics / NPTD, Population in Brief 2026 (total population 6,208,500)",https://www.population.gov.sg/files/Population_in_Brief_2026.pdf,"Whole country. A 100 km radius also includes Johor Bahru / Iskandar Malaysia (~1.7-2 M, not added)."
sites-downstream,site,ulanq,"Ulanqab, China",p,1250,MW,2025,estimated,,"People's Daily Inner Mongolia channel, 'Ulanqab: steady steps toward the future' (6 Feb 2026) - 500,000 standard racks built",http://nm.people.com.cn/n2/2026/0206/c347192-41495166.html,"Derived: 500,000 built standard racks x 2.5 kW per standard rack (MIIT et al. 2013 guidance: one standard rack = 2.5 kW) = 1,250 MW. BUILT capacity; in 2024, 260,000 built vs 190,000 in operation (73%). Compute: 125,000 PFLOPS end-2025, >90% AI. Signed racks >1.1 M (2024) = pipeline, not operational."
sites-downstream,site,ulanq,"Ulanqab, China",u,0.73,fraction,2024,estimated,,"Guangming Daily, 'Inner Mongolia Ulanqab concentrates on big-data industry' (20 Jan 2025)",https://m.gmw.cn/2025-01/20/content_37807177.htm,"Rack occupancy (shang-jia lu) 73% in 2024: 190,000 racks in operation / 260,000 built. Occupancy, not power draw."
sites-downstream,site,ulanq,"Ulanqab, China",pue,1.2,ratio,2025,projected,,Ulanqab municipal target reported in Chinese media (PUE 1.2 by 2025; 'East Data West Computing' hub-node requirement),https://m.gmw.cn/2025-01/20/content_37807177.htm,"Policy target/ceiling, not a measured average. Individual sites claim <=1.15 (air) / <=1.10 (liquid)."
sites-downstream,site,ulanq,"Ulanqab, China",g,0.92,fraction/yr,2025,estimated,,Derived from Guangming Daily (Jan 2025) and People's Daily (Feb 2026),http://nm.people.com.cn/n2/2026/0206/c347192-41495166.html,"Built racks 260,000 (2024) -> 500,000 (2025) = +92%. Compute 61,500 PFLOPS (2024) -> 125,000 PFLOPS (2025) ~ +103%."
sites-downstream,site,ulanq,"Ulanqab, China",pop,1.71,million,2020,measured,,"National Bureau of Statistics of China, 7th census (Ulanqab prefecture 1,706,328, via citypopulation.de / Wikipedia)",https://en.wikipedia.org/wiki/Ulanqab,"Prefecture total; urban core ~0.55 M. Hohhot (~3.5 M) is ~130 km away, outside 100 km."
sites-downstream,site,sfba,"San Francisco, California, US",p,,MW,,,,,,AI-lab office/on-prem lab load: no sourced site-level figures (labs do not disclose office electricity). Training compute runs in remote data centers.
sites-downstream,site,sfba,"San Francisco, California, US",u,,fraction,,,,,,Not disclosed.
sites-downstream,site,sfba,"San Francisco, California, US",pue,,ratio,,,,,,Not applicable to offices.
sites-downstream,site,sfba,"San Francisco, California, US",g,,fraction/yr,,,,,,Not disclosed.
sites-downstream,site,sfba,"San Francisco, California, US",pop,7.77,million,2020,measured,,"U.S. Census Bureau 2020 (9-county San Francisco Bay Area, 7,765,149)",https://www.census.gov/library/visualizations/interactive/2020-population-and-housing-state-data.html,9-county Bay Area; CSA ~9.2 M.
sites-downstream,site,seatt,"Seattle, Washington, US",p,,MW,,,,,,AI-lab office/on-prem lab load: no sourced site-level figures (labs do not disclose office electricity). Training compute runs in remote data centers.
sites-downstream,site,seatt,"Seattle, Washington, US",u,,fraction,,,,,,Not disclosed.
sites-downstream,site,seatt,"Seattle, Washington, US",pue,,ratio,,,,,,Not applicable to offices.
sites-downstream,site,seatt,"Seattle, Washington, US",g,,fraction/yr,,,,,,Not disclosed.
sites-downstream,site,seatt,"Seattle, Washington, US",pop,4.15,million,2024,measured,,"U.S. Census Bureau estimate, Seattle-Tacoma-Bellevue MSA (4,145,494) via Wikipedia",https://en.wikipedia.org/wiki/Seattle_metropolitan_area,"MSA; 2020 census 4,018,762."
sites-downstream,site,lond,"London, United Kingdom",p,,MW,,,,,,AI-lab office/on-prem lab load: no sourced site-level figures (labs do not disclose office electricity). Training compute runs in remote data centers.
sites-downstream,site,lond,"London, United Kingdom",u,,fraction,,,,,,Not disclosed.
sites-downstream,site,lond,"London, United Kingdom",pue,,ratio,,,,,,Not applicable to offices.
sites-downstream,site,lond,"London, United Kingdom",g,,fraction/yr,,,,,,Not disclosed.
sites-downstream,site,lond,"London, United Kingdom",pop,9.09,million,2024,measured,,"ONS, Population estimates for the UK, mid-2024 (London region 9,089,736)",https://www.ons.gov.uk/peoplepopulationandcommunity/populationandmigration/populationestimates/bulletins/annualmidyearpopulationestimates/mid2024,"Greater London only; a 100 km radius covers much of the South East and East of England (well over 15 M), not added."
sites-downstream,site,beij,"Beijing, China",p,,MW,,,,,,AI-lab office/on-prem lab load: no sourced site-level figures (labs do not disclose office electricity). Training compute runs in remote data centers.
sites-downstream,site,beij,"Beijing, China",u,,fraction,,,,,,Not disclosed.
sites-downstream,site,beij,"Beijing, China",pue,,ratio,,,,,,Not applicable to offices.
sites-downstream,site,beij,"Beijing, China",g,,fraction/yr,,,,,,Not disclosed.
sites-downstream,site,beij,"Beijing, China",pop,21.89,million,2020,measured,,"National Bureau of Statistics of China, 7th census communique (Beijing 21,893,095)",http://www.stats.gov.cn/english/PressRelease/202105/t20210510_1817188.html,Municipality total; a 100 km radius also includes Langfang and parts of Tianjin/Baoding.
sites-downstream,site,frank,"Frankfurt, Germany",p,1222.5,MW,2026,estimated,,"CBRE Research, Global Data Center Trends 2026 (Q1 2026 data)",https://www.cbre.com/insights/reports/global-data-center-trends-2026,"Frankfurt colocation inventory Q1 2026 (+23% YoY). CBRE: first crossed 1 GW in Q2 2025 (1.02 GW). C&W H1 2025: 311 MW under development, 687 MW planned (not operational)."
sites-downstream,site,frank,"Frankfurt, Germany",u,0.95,fraction,2026,estimated,,"CBRE Research, Global Data Center Trends 2026 (Q1 2026 data)",https://www.cbre.com/insights/reports/global-data-center-trends-2026,"1 - vacancy (5%, Q1 2026). Leased share, not power drawn."
sites-downstream,site,frank,"Frankfurt, Germany",pue,1.56,ratio,2024,estimated,,"Uptime Institute, Global Data Center Survey 2024 (industry average annual PUE, largest facility per respondent)",https://datacenter.uptimeinstitute.com/rs/711-RIA-145/images/2024.GlobalDataCenterSurvey.Report.pdf,"No market-specific average PUE found; Uptime 2024 global industry average (1.56; the 2025 survey reports it essentially unchanged, ~1.54) used as a colo-heavy market default. Hyperscale halls run far lower (Google campuses 1.04-1.17 TTM), so this likely overstates the market blend."
sites-downstream,site,frank,"Frankfurt, Germany",g,0.23,fraction/yr,2026,estimated,,"CBRE Research, Global Data Center Trends 2026 (Q1 2026 data)",https://www.cbre.com/insights/reports/global-data-center-trends-2026,Inventory growth YoY to Q1 2026.
sites-downstream,site,frank,"Frankfurt, Germany",pop,5.91,million,2022,measured,,"Regionalverband FrankfurtRheinMain, Statistik-Viewer Metropolregion (5,907,863, 31 Dec 2022)",https://service.region-frankfurt.de/ia/metropolregion/bevoelkerung/atlas.html,Frankfurt Rhine-Main metropolitan region (~100 km footprint).
sites-downstream,site,saopa,"São Paulo, Brazil",p,536.7,MW,2026,estimated,,"CBRE Research, Global Data Center Trends 2026 (Q1 2026 data)",https://www.cbre.com/insights/reports/global-data-center-trends-2026,Sao Paulo wholesale inventory Q1 2026 (+8.9% YoY). CBRE GDCT 2025: occupied 446.0 MW in Q1 2025.
sites-downstream,site,saopa,"São Paulo, Brazil",u,0.904,fraction,2026,estimated,,"CBRE Research, Global Data Center Trends 2026 (Q1 2026 data)",https://www.cbre.com/insights/reports/global-data-center-trends-2026,"1 - vacancy (9.6%, Q1 2026). Leased share, not power drawn."
sites-downstream,site,saopa,"São Paulo, Brazil",pue,1.56,ratio,2024,estimated,,"Uptime Institute, Global Data Center Survey 2024 (industry average annual PUE, largest facility per respondent)",https://datacenter.uptimeinstitute.com/rs/711-RIA-145/images/2024.GlobalDataCenterSurvey.Report.pdf,"No market-specific average PUE found; Uptime 2024 global industry average (1.56; the 2025 survey reports it essentially unchanged, ~1.54) used as a colo-heavy market default. Hyperscale halls run far lower (Google campuses 1.04-1.17 TTM), so this likely overstates the market blend. Uptime reports Latin America above the global average (regional figures paywalled)."
sites-downstream,site,saopa,"São Paulo, Brazil",g,0.089,fraction/yr,2026,estimated,,"CBRE Research, Global Data Center Trends 2026 (Q1 2026 data)",https://www.cbre.com/insights/reports/global-data-center-trends-2026,Inventory growth YoY to Q1 2026.
sites-downstream,site,saopa,"São Paulo, Brazil",pop,20.74,million,2022,measured,,"IBGE Censo 2022, Regiao Metropolitana de Sao Paulo (20,743,587; 39 municipalities), via Observatorio das Metropoles",https://www.observatoriodasmetropoles.net.br/censo-2022-primeiro-olhar-para-a-regiao-metropolitana-de-sao-paulo/,"RMSP; a 100 km radius also reaches Campinas, Sorocaba and Baixada Santista (several M more)."
sites-downstream,site,mumb,"Mumbai, India",p,768,MW,2025,estimated,,"Cushman & Wakefield, 'Asia Pacific's Data Centre Development Pipeline Hits Record 19.4GW in 2025' (APAC Data Centre Update H2 2025, 27 Mar 2026)",https://www.cushmanwakefield.com/en/singapore/news/2026/03/apac-data-centre-development-pipeline-hits-record-in-2025,"Mumbai operational IT load end-2025 (542 -> 768 MW). Consistent with CBRE: ~670 MW (Q1 2025, GDCT 2025) and 53% of India's ~1,530 MW ~ 811 MW (Sep 2025, CBRE India Nov 2025)."
sites-downstream,site,mumb,"Mumbai, India",u,,fraction,,,,,,No Mumbai vacancy figure found in accessible sources.
sites-downstream,site,mumb,"Mumbai, India",pue,1.56,ratio,2024,estimated,,"Uptime Institute, Global Data Center Survey 2024 (industry average annual PUE, largest facility per respondent)",https://datacenter.uptimeinstitute.com/rs/711-RIA-145/images/2024.GlobalDataCenterSurvey.Report.pdf,"No market-specific average PUE found; Uptime 2024 global industry average (1.56; the 2025 survey reports it essentially unchanged, ~1.54) used as a colo-heavy market default. Hyperscale halls run far lower (Google campuses 1.04-1.17 TTM), so this likely overstates the market blend. Hot/humid climate suggests above-average."
sites-downstream,site,mumb,"Mumbai, India",g,0.42,fraction/yr,2025,estimated,,"Cushman & Wakefield, 'Asia Pacific's Data Centre Development Pipeline Hits Record 19.4GW in 2025' (APAC Data Centre Update H2 2025, 27 Mar 2026)",https://www.cushmanwakefield.com/en/singapore/news/2026/03/apac-data-centre-development-pipeline-hits-record-in-2025,Operational IT load 542 -> 768 MW in 2025 (+42%).
sites-downstream,site,mumb,"Mumbai, India",pop,26.6,million,2025,estimated,,"MMRDA, 'About MMR' (MMR population 2,65,98,000)",https://mmrda.maharashtra.gov.in/about-us/about-mmr,"Mumbai Metropolitan Region, MMRDA estimate (2011 census MMR ~22.8 M; no census since)."
sites-downstream,site,tokyo,"Tokyo, Japan",p,1179,MW,2025,estimated,,"Cushman & Wakefield, 'Asia Pacific's Data Centre Development Pipeline Hits Record 19.4GW in 2025' (APAC Data Centre Update H2 2025, 27 Mar 2026)",https://www.cushmanwakefield.com/en/singapore/news/2026/03/apac-data-centre-development-pipeline-hits-record-in-2025,Greater Tokyo operational capacity end-2025. CBRE: inventory 'exceeded 1 GW' in Q1 2026.
sites-downstream,site,tokyo,"Tokyo, Japan",u,0.944,fraction,2025,estimated,,"Cushman & Wakefield, 'Asia Pacific's Data Centre Development Pipeline Hits Record 19.4GW in 2025' (APAC Data Centre Update H2 2025, 27 Mar 2026)",https://www.cushmanwakefield.com/en/singapore/news/2026/03/apac-data-centre-development-pipeline-hits-record-in-2025,"1 - vacancy (5.6%, C&W end-2025). CBRE: 6% Q1 2026, down from 13% Q1 2025. Leased share, not draw."
sites-downstream,site,tokyo,"Tokyo, Japan",pue,1.56,ratio,2024,estimated,,"Uptime Institute, Global Data Center Survey 2024 (industry average annual PUE, largest facility per respondent)",https://datacenter.uptimeinstitute.com/rs/711-RIA-145/images/2024.GlobalDataCenterSurvey.Report.pdf,"No market-specific average PUE found; Uptime 2024 global industry average (1.56; the 2025 survey reports it essentially unchanged, ~1.54) used as a colo-heavy market default. Hyperscale halls run far lower (Google campuses 1.04-1.17 TTM), so this likely overstates the market blend. Google Inzai (Chiba): 1.10 TTM."
sites-downstream,site,tokyo,"Tokyo, Japan",g,,fraction/yr,,,,,,No YoY Greater Tokyo capacity growth found in accessible sources (C&W/JLL detail paywalled).
sites-downstream,site,tokyo,"Tokyo, Japan",pop,36.95,million,2025,estimated,,"UN DESA, World Urbanization Prospects 2025 (Tokyo agglomeration 36,954,512, as cited in Wikipedia 'Greater Tokyo Area')",https://population.un.org/wup/,UN agglomeration estimate; Tokyo + 3 prefectures ~36.9 M (2020 census).
sites-downstream,site,lagos,"Lagos, Nigeria",p,78.6,MW,2025,estimated,,"Estate Intel, Lagos Real Estate Development Pipeline Report 2025/2026 (via Nairametrics, 16 Dec 2025)",https://nairametrics.com/2025/12/16/data-centres-emerge-fastest-growing-real-estate-asset-in-lagos-report/,"20+ facilities, 78.6 MW existing; 146.5 MW+ under development (not operational). Unclear whether IT or facility MW."
sites-downstream,site,lagos,"Lagos, Nigeria",u,,fraction,,,,,,No vacancy/utilisation figure found.
sites-downstream,site,lagos,"Lagos, Nigeria",pue,1.56,ratio,2024,estimated,,"Uptime Institute, Global Data Center Survey 2024 (industry average annual PUE, largest facility per respondent)",https://datacenter.uptimeinstitute.com/rs/711-RIA-145/images/2024.GlobalDataCenterSurvey.Report.pdf,"No market-specific average PUE found; Uptime 2024 global industry average (1.56; the 2025 survey reports it essentially unchanged, ~1.54) used as a colo-heavy market default. Hyperscale halls run far lower (Google campuses 1.04-1.17 TTM), so this likely overstates the market blend. Uptime has historically reported Africa/Middle East well above global (~1.7-1.8); diesel backup common due to grid instability."
sites-downstream,site,lagos,"Lagos, Nigeria",g,0.226,fraction/yr,2025,projected,,Derived from Estate Intel projection (via Nairametrics),https://nairametrics.com/2025/12/16/data-centres-emerge-fastest-growing-real-estate-asset-in-lagos-report/,"CAGR 2025 -> 2030: (218 / 78.6)^(1/5) - 1 = 22.6%. The article also says '3.7x current capacity', inconsistent with 218/78.6 = 2.8x."
sites-downstream,site,lagos,"Lagos, Nigeria",pop,15.4,million,2025,estimated,,"UN DESA, World Urbanization Prospects 2025 (Lagos agglomeration ~15.4 M, as reported in secondary summaries)",https://population.un.org/wup/,Highly contested: Lagos State government claims 21-35 M; 2006 census metro LGAs 8.0 M. UN figure not verified directly against the dataset.
countries,country,United States of America,United States of America,ci,383.8,gCO2/kWh,2024,measured,,"Ember Yearly Electricity Data, via Our World in Data 'Carbon intensity of electricity generation'",https://ourworldindata.org/grapher/carbon-intensity-electricity,
countries,country,United States of America,United States of America,ws,0.521,0-1 (Aqueduct score/5),2023,estimated,,"WRI Aqueduct 4.0 Country Rankings, baseline water stress (bws), all-sector weighting (Tot); score 0-5 divided by 5",https://files.wri.org/aqueduct/aqueduct-4-0-country-rankings.zip,
countries,country,United States of America,United States of America,aq,7.0,µg/m³ PM2.5,2023,estimated,,"World Bank WDI EN.ATM.PM25.MC.M3 (population-weighted mean annual PM2.5 exposure; underlying data GBD 2023 / IHME, satellite+model derived)",https://api.worldbank.org/v2/country/all/indicator/EN.ATM.PM25.MC.M3?format=json,
countries,country,Canada,Canada,ci,185.3,gCO2/kWh,2024,measured,,"Ember Yearly Electricity Data, via Our World in Data 'Carbon intensity of electricity generation'",https://ourworldindata.org/grapher/carbon-intensity-electricity,
countries,country,Canada,Canada,ws,0.247,0-1 (Aqueduct score/5),2023,estimated,,"WRI Aqueduct 4.0 Country Rankings, baseline water stress (bws), all-sector weighting (Tot); score 0-5 divided by 5",https://files.wri.org/aqueduct/aqueduct-4-0-country-rankings.zip,
countries,country,Canada,Canada,aq,6.6,µg/m³ PM2.5,2023,estimated,,"World Bank WDI EN.ATM.PM25.MC.M3 (population-weighted mean annual PM2.5 exposure; underlying data GBD 2023 / IHME, satellite+model derived)",https://api.worldbank.org/v2/country/all/indicator/EN.ATM.PM25.MC.M3?format=json,
countries,country,Mexico,Mexico,ci,483.1,gCO2/kWh,2024,measured,,"Ember Yearly Electricity Data, via Our World in Data 'Carbon intensity of electricity generation'",https://ourworldindata.org/grapher/carbon-intensity-electricity,
countries,country,Mexico,Mexico,ws,0.799,0-1 (Aqueduct score/5),2023,estimated,,"WRI Aqueduct 4.0 Country Rankings, baseline water stress (bws), all-sector weighting (Tot); score 0-5 divided by 5",https://files.wri.org/aqueduct/aqueduct-4-0-country-rankings.zip,
countries,country,Mexico,Mexico,aq,16.6,µg/m³ PM2.5,2023,estimated,,"World Bank WDI EN.ATM.PM25.MC.M3 (population-weighted mean annual PM2.5 exposure; underlying data GBD 2023 / IHME, satellite+model derived)",https://api.worldbank.org/v2/country/all/indicator/EN.ATM.PM25.MC.M3?format=json,
countries,country,Brazil,Brazil,ci,106.1,gCO2/kWh,2024,measured,,"Ember Yearly Electricity Data, via Our World in Data 'Carbon intensity of electricity generation'",https://ourworldindata.org/grapher/carbon-intensity-electricity,
countries,country,Brazil,Brazil,ws,0.208,0-1 (Aqueduct score/5),2023,estimated,,"WRI Aqueduct 4.0 Country Rankings, baseline water stress (bws), all-sector weighting (Tot); score 0-5 divided by 5",https://files.wri.org/aqueduct/aqueduct-4-0-country-rankings.zip,
countries,country,Brazil,Brazil,aq,13.4,µg/m³ PM2.5,2023,estimated,,"World Bank WDI EN.ATM.PM25.MC.M3 (population-weighted mean annual PM2.5 exposure; underlying data GBD 2023 / IHME, satellite+model derived)",https://api.worldbank.org/v2/country/all/indicator/EN.ATM.PM25.MC.M3?format=json,
countries,country,Argentina,Argentina,ci,344.8,gCO2/kWh,2024,measured,,"Ember Yearly Electricity Data, via Our World in Data 'Carbon intensity of electricity generation'",https://ourworldindata.org/grapher/carbon-intensity-electricity,
countries,country,Argentina,Argentina,ws,0.367,0-1 (Aqueduct score/5),2023,estimated,,"WRI Aqueduct 4.0 Country Rankings, baseline water stress (bws), all-sector weighting (Tot); score 0-5 divided by 5",https://files.wri.org/aqueduct/aqueduct-4-0-country-rankings.zip,
countries,country,Argentina,Argentina,aq,14.3,µg/m³ PM2.5,2023,estimated,,"World Bank WDI EN.ATM.PM25.MC.M3 (population-weighted mean annual PM2.5 exposure; underlying data GBD 2023 / IHME, satellite+model derived)",https://api.worldbank.org/v2/country/all/indicator/EN.ATM.PM25.MC.M3?format=json,
countries,country,Chile,Chile,ci,259.9,gCO2/kWh,2024,measured,,"Ember Yearly Electricity Data, via Our World in Data 'Carbon intensity of electricity generation'",https://ourworldindata.org/grapher/carbon-intensity-electricity,
countries,country,Chile,Chile,ws,0.894,0-1 (Aqueduct score/5),2023,estimated,,"WRI Aqueduct 4.0 Country Rankings, baseline water stress (bws), all-sector weighting (Tot); score 0-5 divided by 5",https://files.wri.org/aqueduct/aqueduct-4-0-country-rankings.zip,
countries,country,Chile,Chile,aq,23.1,µg/m³ PM2.5,2023,estimated,,"World Bank WDI EN.ATM.PM25.MC.M3 (population-weighted mean annual PM2.5 exposure; underlying data GBD 2023 / IHME, satellite+model derived)",https://api.worldbank.org/v2/country/all/indicator/EN.ATM.PM25.MC.M3?format=json,
countries,country,Colombia,Colombia,ci,298.3,gCO2/kWh,2024,measured,,"Ember Yearly Electricity Data, via Our World in Data 'Carbon intensity of electricity generation'",https://ourworldindata.org/grapher/carbon-intensity-electricity,
countries,country,Colombia,Colombia,ws,0.099,0-1 (Aqueduct score/5),2023,estimated,,"WRI Aqueduct 4.0 Country Rankings, baseline water stress (bws), all-sector weighting (Tot); score 0-5 divided by 5",https://files.wri.org/aqueduct/aqueduct-4-0-country-rankings.zip,
countries,country,Colombia,Colombia,aq,18.4,µg/m³ PM2.5,2023,estimated,,"World Bank WDI EN.ATM.PM25.MC.M3 (population-weighted mean annual PM2.5 exposure; underlying data GBD 2023 / IHME, satellite+model derived)",https://api.worldbank.org/v2/country/all/indicator/EN.ATM.PM25.MC.M3?format=json,
countries,country,Peru,Peru,ci,258.7,gCO2/kWh,2024,measured,,"Ember Yearly Electricity Data, via Our World in Data 'Carbon intensity of electricity generation'",https://ourworldindata.org/grapher/carbon-intensity-electricity,
countries,country,Peru,Peru,ws,0.749,0-1 (Aqueduct score/5),2023,estimated,,"WRI Aqueduct 4.0 Country Rankings, baseline water stress (bws), all-sector weighting (Tot); score 0-5 divided by 5",https://files.wri.org/aqueduct/aqueduct-4-0-country-rankings.zip,
countries,country,Peru,Peru,aq,31.1,µg/m³ PM2.5,2023,estimated,,"World Bank WDI EN.ATM.PM25.MC.M3 (population-weighted mean annual PM2.5 exposure; underlying data GBD 2023 / IHME, satellite+model derived)",https://api.worldbank.org/v2/country/all/indicator/EN.ATM.PM25.MC.M3?format=json,
countries,country,Venezuela,Venezuela,ci,85.9,gCO2/kWh,2024,measured,,"Ember Yearly Electricity Data, via Our World in Data 'Carbon intensity of electricity generation'",https://ourworldindata.org/grapher/carbon-intensity-electricity,
countries,country,Venezuela,Venezuela,ws,0.364,0-1 (Aqueduct score/5),2023,estimated,,"WRI Aqueduct 4.0 Country Rankings, baseline water stress (bws), all-sector weighting (Tot); score 0-5 divided by 5",https://files.wri.org/aqueduct/aqueduct-4-0-country-rankings.zip,
countries,country,Venezuela,Venezuela,aq,19.2,µg/m³ PM2.5,2023,estimated,,"World Bank WDI EN.ATM.PM25.MC.M3 (population-weighted mean annual PM2.5 exposure; underlying data GBD 2023 / IHME, satellite+model derived)",https://api.worldbank.org/v2/country/all/indicator/EN.ATM.PM25.MC.M3?format=json,
countries,country,United Kingdom,United Kingdom,ci,216.5,gCO2/kWh,2024,measured,,"Ember Yearly Electricity Data, via Our World in Data 'Carbon intensity of electricity generation'",https://ourworldindata.org/grapher/carbon-intensity-electricity,
countries,country,United Kingdom,United Kingdom,ws,0.26,0-1 (Aqueduct score/5),2023,estimated,,"WRI Aqueduct 4.0 Country Rankings, baseline water stress (bws), all-sector weighting (Tot); score 0-5 divided by 5",https://files.wri.org/aqueduct/aqueduct-4-0-country-rankings.zip,
countries,country,United Kingdom,United Kingdom,aq,9.5,µg/m³ PM2.5,2023,estimated,,"World Bank WDI EN.ATM.PM25.MC.M3 (population-weighted mean annual PM2.5 exposure; underlying data GBD 2023 / IHME, satellite+model derived)",https://api.worldbank.org/v2/country/all/indicator/EN.ATM.PM25.MC.M3?format=json,
countries,country,Ireland,Ireland,ci,270.9,gCO2/kWh,2024,measured,,"Ember Yearly Electricity Data, via Our World in Data 'Carbon intensity of electricity generation'",https://ourworldindata.org/grapher/carbon-intensity-electricity,
countries,country,Ireland,Ireland,ws,0.073,0-1 (Aqueduct score/5),2023,estimated,,"WRI Aqueduct 4.0 Country Rankings, baseline water stress (bws), all-sector weighting (Tot); score 0-5 divided by 5",https://files.wri.org/aqueduct/aqueduct-4-0-country-rankings.zip,
countries,country,Ireland,Ireland,aq,7.5,µg/m³ PM2.5,2023,estimated,,"World Bank WDI EN.ATM.PM25.MC.M3 (population-weighted mean annual PM2.5 exposure; underlying data GBD 2023 / IHME, satellite+model derived)",https://api.worldbank.org/v2/country/all/indicator/EN.ATM.PM25.MC.M3?format=json,
countries,country,France,France,ci,40.5,gCO2/kWh,2024,measured,,"Ember Yearly Electricity Data, via Our World in Data 'Carbon intensity of electricity generation'",https://ourworldindata.org/grapher/carbon-intensity-electricity,
countries,country,France,France,ws,0.383,0-1 (Aqueduct score/5),2023,estimated,,"WRI Aqueduct 4.0 Country Rankings, baseline water stress (bws), all-sector weighting (Tot); score 0-5 divided by 5",https://files.wri.org/aqueduct/aqueduct-4-0-country-rankings.zip,
countries,country,France,France,aq,8.2,µg/m³ PM2.5,2023,estimated,,"World Bank WDI EN.ATM.PM25.MC.M3 (population-weighted mean annual PM2.5 exposure; underlying data GBD 2023 / IHME, satellite+model derived)",https://api.worldbank.org/v2/country/all/indicator/EN.ATM.PM25.MC.M3?format=json,
countries,country,Germany,Germany,ci,336.4,gCO2/kWh,2024,measured,,"Ember Yearly Electricity Data, via Our World in Data 'Carbon intensity of electricity generation'",https://ourworldindata.org/grapher/carbon-intensity-electricity,
countries,country,Germany,Germany,ws,0.408,0-1 (Aqueduct score/5),2023,estimated,,"WRI Aqueduct 4.0 Country Rankings, baseline water stress (bws), all-sector weighting (Tot); score 0-5 divided by 5",https://files.wri.org/aqueduct/aqueduct-4-0-country-rankings.zip,
countries,country,Germany,Germany,aq,8.8,µg/m³ PM2.5,2023,estimated,,"World Bank WDI EN.ATM.PM25.MC.M3 (population-weighted mean annual PM2.5 exposure; underlying data GBD 2023 / IHME, satellite+model derived)",https://api.worldbank.org/v2/country/all/indicator/EN.ATM.PM25.MC.M3?format=json,
countries,country,Netherlands,Netherlands,ci,250.7,gCO2/kWh,2024,measured,,"Ember Yearly Electricity Data, via Our World in Data 'Carbon intensity of electricity generation'",https://ourworldindata.org/grapher/carbon-intensity-electricity,
countries,country,Netherlands,Netherlands,ws,0.316,0-1 (Aqueduct score/5),2023,estimated,,"WRI Aqueduct 4.0 Country Rankings, baseline water stress (bws), all-sector weighting (Tot); score 0-5 divided by 5",https://files.wri.org/aqueduct/aqueduct-4-0-country-rankings.zip,
countries,country,Netherlands,Netherlands,aq,8.6,µg/m³ PM2.5,2023,estimated,,"World Bank WDI EN.ATM.PM25.MC.M3 (population-weighted mean annual PM2.5 exposure; underlying data GBD 2023 / IHME, satellite+model derived)",https://api.worldbank.org/v2/country/all/indicator/EN.ATM.PM25.MC.M3?format=json,
countries,country,Belgium,Belgium,ci,127.0,gCO2/kWh,2024,measured,,"Ember Yearly Electricity Data, via Our World in Data 'Carbon intensity of electricity generation'",https://ourworldindata.org/grapher/carbon-intensity-electricity,
countries,country,Belgium,Belgium,ws,0.882,0-1 (Aqueduct score/5),2023,estimated,,"WRI Aqueduct 4.0 Country Rankings, baseline water stress (bws), all-sector weighting (Tot); score 0-5 divided by 5",https://files.wri.org/aqueduct/aqueduct-4-0-country-rankings.zip,
countries,country,Belgium,Belgium,aq,8.4,µg/m³ PM2.5,2023,estimated,,"World Bank WDI EN.ATM.PM25.MC.M3 (population-weighted mean annual PM2.5 exposure; underlying data GBD 2023 / IHME, satellite+model derived)",https://api.worldbank.org/v2/country/all/indicator/EN.ATM.PM25.MC.M3?format=json,
countries,country,Spain,Spain,ci,146.2,gCO2/kWh,2024,measured,,"Ember Yearly Electricity Data, via Our World in Data 'Carbon intensity of electricity generation'",https://ourworldindata.org/grapher/carbon-intensity-electricity,
countries,country,Spain,Spain,ws,0.788,0-1 (Aqueduct score/5),2023,estimated,,"WRI Aqueduct 4.0 Country Rankings, baseline water stress (bws), all-sector weighting (Tot); score 0-5 divided by 5",https://files.wri.org/aqueduct/aqueduct-4-0-country-rankings.zip,
countries,country,Spain,Spain,aq,10.1,µg/m³ PM2.5,2023,estimated,,"World Bank WDI EN.ATM.PM25.MC.M3 (population-weighted mean annual PM2.5 exposure; underlying data GBD 2023 / IHME, satellite+model derived)",https://api.worldbank.org/v2/country/all/indicator/EN.ATM.PM25.MC.M3?format=json,
countries,country,Portugal,Portugal,ci,110.6,gCO2/kWh,2024,measured,,"Ember Yearly Electricity Data, via Our World in Data 'Carbon intensity of electricity generation'",https://ourworldindata.org/grapher/carbon-intensity-electricity,
countries,country,Portugal,Portugal,ws,0.652,0-1 (Aqueduct score/5),2023,estimated,,"WRI Aqueduct 4.0 Country Rankings, baseline water stress (bws), all-sector weighting (Tot); score 0-5 divided by 5",https://files.wri.org/aqueduct/aqueduct-4-0-country-rankings.zip,
countries,country,Portugal,Portugal,aq,8.8,µg/m³ PM2.5,2023,estimated,,"World Bank WDI EN.ATM.PM25.MC.M3 (population-weighted mean annual PM2.5 exposure; underlying data GBD 2023 / IHME, satellite+model derived)",https://api.worldbank.org/v2/country/all/indicator/EN.ATM.PM25.MC.M3?format=json,
countries,country,Italy,Italy,ci,281.4,gCO2/kWh,2024,measured,,"Ember Yearly Electricity Data, via Our World in Data 'Carbon intensity of electricity generation'",https://ourworldindata.org/grapher/carbon-intensity-electricity,
countries,country,Italy,Italy,ws,0.669,0-1 (Aqueduct score/5),2023,estimated,,"WRI Aqueduct 4.0 Country Rankings, baseline water stress (bws), all-sector weighting (Tot); score 0-5 divided by 5",https://files.wri.org/aqueduct/aqueduct-4-0-country-rankings.zip,
countries,country,Italy,Italy,aq,14.3,µg/m³ PM2.5,2023,estimated,,"World Bank WDI EN.ATM.PM25.MC.M3 (population-weighted mean annual PM2.5 exposure; underlying data GBD 2023 / IHME, satellite+model derived)",https://api.worldbank.org/v2/country/all/indicator/EN.ATM.PM25.MC.M3?format=json,
countries,country,Switzerland,Switzerland,ci,34.6,gCO2/kWh,2024,measured,,"Ember Yearly Electricity Data, via Our World in Data 'Carbon intensity of electricity generation'",https://ourworldindata.org/grapher/carbon-intensity-electricity,
countries,country,Switzerland,Switzerland,ws,0.081,0-1 (Aqueduct score/5),2023,estimated,,"WRI Aqueduct 4.0 Country Rankings, baseline water stress (bws), all-sector weighting (Tot); score 0-5 divided by 5",https://files.wri.org/aqueduct/aqueduct-4-0-country-rankings.zip,
countries,country,Switzerland,Switzerland,aq,8.3,µg/m³ PM2.5,2023,estimated,,"World Bank WDI EN.ATM.PM25.MC.M3 (population-weighted mean annual PM2.5 exposure; underlying data GBD 2023 / IHME, satellite+model derived)",https://api.worldbank.org/v2/country/all/indicator/EN.ATM.PM25.MC.M3?format=json,
countries,country,Austria,Austria,ci,103.5,gCO2/kWh,2024,measured,,"Ember Yearly Electricity Data, via Our World in Data 'Carbon intensity of electricity generation'",https://ourworldindata.org/grapher/carbon-intensity-electricity,
countries,country,Austria,Austria,ws,0.052,0-1 (Aqueduct score/5),2023,estimated,,"WRI Aqueduct 4.0 Country Rankings, baseline water stress (bws), all-sector weighting (Tot); score 0-5 divided by 5",https://files.wri.org/aqueduct/aqueduct-4-0-country-rankings.zip,
countries,country,Austria,Austria,aq,10.0,µg/m³ PM2.5,2023,estimated,,"World Bank WDI EN.ATM.PM25.MC.M3 (population-weighted mean annual PM2.5 exposure; underlying data GBD 2023 / IHME, satellite+model derived)",https://api.worldbank.org/v2/country/all/indicator/EN.ATM.PM25.MC.M3?format=json,
countries,country,Poland,Poland,ci,608.2,gCO2/kWh,2024,measured,,"Ember Yearly Electricity Data, via Our World in Data 'Carbon intensity of electricity generation'",https://ourworldindata.org/grapher/carbon-intensity-electricity,
countries,country,Poland,Poland,ws,0.332,0-1 (Aqueduct score/5),2023,estimated,,"WRI Aqueduct 4.0 Country Rankings, baseline water stress (bws), all-sector weighting (Tot); score 0-5 divided by 5",https://files.wri.org/aqueduct/aqueduct-4-0-country-rankings.zip,
countries,country,Poland,Poland,aq,16.5,µg/m³ PM2.5,2023,estimated,,"World Bank WDI EN.ATM.PM25.MC.M3 (population-weighted mean annual PM2.5 exposure; underlying data GBD 2023 / IHME, satellite+model derived)",https://api.worldbank.org/v2/country/all/indicator/EN.ATM.PM25.MC.M3?format=json,
countries,country,Czechia,Czechia,ci,414.2,gCO2/kWh,2024,measured,,"Ember Yearly Electricity Data, via Our World in Data 'Carbon intensity of electricity generation'",https://ourworldindata.org/grapher/carbon-intensity-electricity,
countries,country,Czechia,Czechia,ws,0.367,0-1 (Aqueduct score/5),2023,estimated,,"WRI Aqueduct 4.0 Country Rankings, baseline water stress (bws), all-sector weighting (Tot); score 0-5 divided by 5",https://files.wri.org/aqueduct/aqueduct-4-0-country-rankings.zip,
countries,country,Czechia,Czechia,aq,12.7,µg/m³ PM2.5,2023,estimated,,"World Bank WDI EN.ATM.PM25.MC.M3 (population-weighted mean annual PM2.5 exposure; underlying data GBD 2023 / IHME, satellite+model derived)",https://api.worldbank.org/v2/country/all/indicator/EN.ATM.PM25.MC.M3?format=json,
countries,country,Sweden,Sweden,ci,34.9,gCO2/kWh,2024,measured,,"Ember Yearly Electricity Data, via Our World in Data 'Carbon intensity of electricity generation'",https://ourworldindata.org/grapher/carbon-intensity-electricity,
countries,country,Sweden,Sweden,ws,0.156,0-1 (Aqueduct score/5),2023,estimated,,"WRI Aqueduct 4.0 Country Rankings, baseline water stress (bws), all-sector weighting (Tot); score 0-5 divided by 5",https://files.wri.org/aqueduct/aqueduct-4-0-country-rankings.zip,
countries,country,Sweden,Sweden,aq,5.3,µg/m³ PM2.5,2023,estimated,,"World Bank WDI EN.ATM.PM25.MC.M3 (population-weighted mean annual PM2.5 exposure; underlying data GBD 2023 / IHME, satellite+model derived)",https://api.worldbank.org/v2/country/all/indicator/EN.ATM.PM25.MC.M3?format=json,
countries,country,Norway,Norway,ci,29.7,gCO2/kWh,2024,measured,,"Ember Yearly Electricity Data, via Our World in Data 'Carbon intensity of electricity generation'",https://ourworldindata.org/grapher/carbon-intensity-electricity,
countries,country,Norway,Norway,ws,0.038,0-1 (Aqueduct score/5),2023,estimated,,"WRI Aqueduct 4.0 Country Rankings, baseline water stress (bws), all-sector weighting (Tot); score 0-5 divided by 5",https://files.wri.org/aqueduct/aqueduct-4-0-country-rankings.zip,
countries,country,Norway,Norway,aq,5.5,µg/m³ PM2.5,2023,estimated,,"World Bank WDI EN.ATM.PM25.MC.M3 (population-weighted mean annual PM2.5 exposure; underlying data GBD 2023 / IHME, satellite+model derived)",https://api.worldbank.org/v2/country/all/indicator/EN.ATM.PM25.MC.M3?format=json,
countries,country,Finland,Finland,ci,66.6,gCO2/kWh,2024,measured,,"Ember Yearly Electricity Data, via Our World in Data 'Carbon intensity of electricity generation'",https://ourworldindata.org/grapher/carbon-intensity-electricity,
countries,country,Finland,Finland,ws,0.162,0-1 (Aqueduct score/5),2023,estimated,,"WRI Aqueduct 4.0 Country Rankings, baseline water stress (bws), all-sector weighting (Tot); score 0-5 divided by 5",https://files.wri.org/aqueduct/aqueduct-4-0-country-rankings.zip,
countries,country,Finland,Finland,aq,4.6,µg/m³ PM2.5,2023,estimated,,"World Bank WDI EN.ATM.PM25.MC.M3 (population-weighted mean annual PM2.5 exposure; underlying data GBD 2023 / IHME, satellite+model derived)",https://api.worldbank.org/v2/country/all/indicator/EN.ATM.PM25.MC.M3?format=json,
countries,country,Denmark,Denmark,ci,131.8,gCO2/kWh,2024,measured,,"Ember Yearly Electricity Data, via Our World in Data 'Carbon intensity of electricity generation'",https://ourworldindata.org/grapher/carbon-intensity-electricity,
countries,country,Denmark,Denmark,ws,0.19,0-1 (Aqueduct score/5),2023,estimated,,"WRI Aqueduct 4.0 Country Rankings, baseline water stress (bws), all-sector weighting (Tot); score 0-5 divided by 5",https://files.wri.org/aqueduct/aqueduct-4-0-country-rankings.zip,
countries,country,Denmark,Denmark,aq,7.5,µg/m³ PM2.5,2023,estimated,,"World Bank WDI EN.ATM.PM25.MC.M3 (population-weighted mean annual PM2.5 exposure; underlying data GBD 2023 / IHME, satellite+model derived)",https://api.worldbank.org/v2/country/all/indicator/EN.ATM.PM25.MC.M3?format=json,
countries,country,Iceland,Iceland,ci,27.8,gCO2/kWh,2024,measured,,"Ember Yearly Electricity Data, via Our World in Data 'Carbon intensity of electricity generation'",https://ourworldindata.org/grapher/carbon-intensity-electricity,
countries,country,Iceland,Iceland,ws,0.0,0-1 (Aqueduct score/5),2023,estimated,,"WRI Aqueduct 4.0 Country Rankings, baseline water stress (bws), all-sector weighting (Tot); score 0-5 divided by 5",https://files.wri.org/aqueduct/aqueduct-4-0-country-rankings.zip,
countries,country,Iceland,Iceland,aq,4.9,µg/m³ PM2.5,2023,estimated,,"World Bank WDI EN.ATM.PM25.MC.M3 (population-weighted mean annual PM2.5 exposure; underlying data GBD 2023 / IHME, satellite+model derived)",https://api.worldbank.org/v2/country/all/indicator/EN.ATM.PM25.MC.M3?format=json,
countries,country,Greece,Greece,ci,321.6,gCO2/kWh,2024,measured,,"Ember Yearly Electricity Data, via Our World in Data 'Carbon intensity of electricity generation'",https://ourworldindata.org/grapher/carbon-intensity-electricity,
countries,country,Greece,Greece,ws,0.868,0-1 (Aqueduct score/5),2023,estimated,,"WRI Aqueduct 4.0 Country Rankings, baseline water stress (bws), all-sector weighting (Tot); score 0-5 divided by 5",https://files.wri.org/aqueduct/aqueduct-4-0-country-rankings.zip,
countries,country,Greece,Greece,aq,14.1,µg/m³ PM2.5,2023,estimated,,"World Bank WDI EN.ATM.PM25.MC.M3 (population-weighted mean annual PM2.5 exposure; underlying data GBD 2023 / IHME, satellite+model derived)",https://api.worldbank.org/v2/country/all/indicator/EN.ATM.PM25.MC.M3?format=json,
countries,country,Romania,Romania,ci,251.3,gCO2/kWh,2024,measured,,"Ember Yearly Electricity Data, via Our World in Data 'Carbon intensity of electricity generation'",https://ourworldindata.org/grapher/carbon-intensity-electricity,
countries,country,Romania,Romania,ws,0.238,0-1 (Aqueduct score/5),2023,estimated,,"WRI Aqueduct 4.0 Country Rankings, baseline water stress (bws), all-sector weighting (Tot); score 0-5 divided by 5",https://files.wri.org/aqueduct/aqueduct-4-0-country-rankings.zip,
countries,country,Romania,Romania,aq,16.0,µg/m³ PM2.5,2023,estimated,,"World Bank WDI EN.ATM.PM25.MC.M3 (population-weighted mean annual PM2.5 exposure; underlying data GBD 2023 / IHME, satellite+model derived)",https://api.worldbank.org/v2/country/all/indicator/EN.ATM.PM25.MC.M3?format=json,
countries,country,Ukraine,Ukraine,ci,250.5,gCO2/kWh,2022,measured,,Ember via Our World in Data (latest available year; no 2023/2024 data published for Ukraine),https://ourworldindata.org/grapher/carbon-intensity-electricity,exception to dataset source
countries,country,Ukraine,Ukraine,ws,0.275,0-1 (Aqueduct score/5),2023,estimated,,"WRI Aqueduct 4.0 Country Rankings, baseline water stress (bws), all-sector weighting (Tot); score 0-5 divided by 5",https://files.wri.org/aqueduct/aqueduct-4-0-country-rankings.zip,
countries,country,Ukraine,Ukraine,aq,14.9,µg/m³ PM2.5,2023,estimated,,"World Bank WDI EN.ATM.PM25.MC.M3 (population-weighted mean annual PM2.5 exposure; underlying data GBD 2023 / IHME, satellite+model derived)",https://api.worldbank.org/v2/country/all/indicator/EN.ATM.PM25.MC.M3?format=json,
countries,country,Russia,Russia,ci,446.0,gCO2/kWh,2024,measured,,"Ember Yearly Electricity Data, via Our World in Data 'Carbon intensity of electricity generation'",https://ourworldindata.org/grapher/carbon-intensity-electricity,
countries,country,Russia,Russia,ws,0.234,0-1 (Aqueduct score/5),2023,estimated,,"WRI Aqueduct 4.0 Country Rankings, baseline water stress (bws), all-sector weighting (Tot); score 0-5 divided by 5",https://files.wri.org/aqueduct/aqueduct-4-0-country-rankings.zip,
countries,country,Russia,Russia,aq,11.6,µg/m³ PM2.5,2023,estimated,,"World Bank WDI EN.ATM.PM25.MC.M3 (population-weighted mean annual PM2.5 exposure; underlying data GBD 2023 / IHME, satellite+model derived)",https://api.worldbank.org/v2/country/all/indicator/EN.ATM.PM25.MC.M3?format=json,
countries,country,Turkey,Turkey,ci,469.7,gCO2/kWh,2024,measured,,"Ember Yearly Electricity Data, via Our World in Data 'Carbon intensity of electricity generation'",https://ourworldindata.org/grapher/carbon-intensity-electricity,
countries,country,Turkey,Turkey,ws,0.677,0-1 (Aqueduct score/5),2023,estimated,,"WRI Aqueduct 4.0 Country Rankings, baseline water stress (bws), all-sector weighting (Tot); score 0-5 divided by 5",https://files.wri.org/aqueduct/aqueduct-4-0-country-rankings.zip,
countries,country,Turkey,Turkey,aq,26.4,µg/m³ PM2.5,2023,estimated,,"World Bank WDI EN.ATM.PM25.MC.M3 (population-weighted mean annual PM2.5 exposure; underlying data GBD 2023 / IHME, satellite+model derived)",https://api.worldbank.org/v2/country/all/indicator/EN.ATM.PM25.MC.M3?format=json,
countries,country,Kazakhstan,Kazakhstan,ci,802.0,gCO2/kWh,2024,measured,,"Ember Yearly Electricity Data, via Our World in Data 'Carbon intensity of electricity generation'",https://ourworldindata.org/grapher/carbon-intensity-electricity,
countries,country,Kazakhstan,Kazakhstan,ws,0.502,0-1 (Aqueduct score/5),2023,estimated,,"WRI Aqueduct 4.0 Country Rankings, baseline water stress (bws), all-sector weighting (Tot); score 0-5 divided by 5",https://files.wri.org/aqueduct/aqueduct-4-0-country-rankings.zip,
countries,country,Kazakhstan,Kazakhstan,aq,19.6,µg/m³ PM2.5,2023,estimated,,"World Bank WDI EN.ATM.PM25.MC.M3 (population-weighted mean annual PM2.5 exposure; underlying data GBD 2023 / IHME, satellite+model derived)",https://api.worldbank.org/v2/country/all/indicator/EN.ATM.PM25.MC.M3?format=json,
countries,country,China,China,ci,555.4,gCO2/kWh,2024,measured,,"Ember Yearly Electricity Data, via Our World in Data 'Carbon intensity of electricity generation'",https://ourworldindata.org/grapher/carbon-intensity-electricity,
countries,country,China,China,ws,0.56,0-1 (Aqueduct score/5),2023,estimated,,"WRI Aqueduct 4.0 Country Rankings, baseline water stress (bws), all-sector weighting (Tot); score 0-5 divided by 5",https://files.wri.org/aqueduct/aqueduct-4-0-country-rankings.zip,
countries,country,China,China,aq,32.0,µg/m³ PM2.5,2023,estimated,,"World Bank WDI EN.ATM.PM25.MC.M3 (population-weighted mean annual PM2.5 exposure; underlying data GBD 2023 / IHME, satellite+model derived)",https://api.worldbank.org/v2/country/all/indicator/EN.ATM.PM25.MC.M3?format=json,
countries,country,India,India,ci,705.4,gCO2/kWh,2024,measured,,"Ember Yearly Electricity Data, via Our World in Data 'Carbon intensity of electricity generation'",https://ourworldindata.org/grapher/carbon-intensity-electricity,
countries,country,India,India,ws,0.822,0-1 (Aqueduct score/5),2023,estimated,,"WRI Aqueduct 4.0 Country Rankings, baseline water stress (bws), all-sector weighting (Tot); score 0-5 divided by 5",https://files.wri.org/aqueduct/aqueduct-4-0-country-rankings.zip,
countries,country,India,India,aq,54.1,µg/m³ PM2.5,2023,estimated,,"World Bank WDI EN.ATM.PM25.MC.M3 (population-weighted mean annual PM2.5 exposure; underlying data GBD 2023 / IHME, satellite+model derived)",https://api.worldbank.org/v2/country/all/indicator/EN.ATM.PM25.MC.M3?format=json,
countries,country,Japan,Japan,ci,483.4,gCO2/kWh,2024,measured,,"Ember Yearly Electricity Data, via Our World in Data 'Carbon intensity of electricity generation'",https://ourworldindata.org/grapher/carbon-intensity-electricity,
countries,country,Japan,Japan,ws,0.394,0-1 (Aqueduct score/5),2023,estimated,,"WRI Aqueduct 4.0 Country Rankings, baseline water stress (bws), all-sector weighting (Tot); score 0-5 divided by 5",https://files.wri.org/aqueduct/aqueduct-4-0-country-rankings.zip,
countries,country,Japan,Japan,aq,11.5,µg/m³ PM2.5,2023,estimated,,"World Bank WDI EN.ATM.PM25.MC.M3 (population-weighted mean annual PM2.5 exposure; underlying data GBD 2023 / IHME, satellite+model derived)",https://api.worldbank.org/v2/country/all/indicator/EN.ATM.PM25.MC.M3?format=json,
countries,country,South Korea,South Korea,ci,415.5,gCO2/kWh,2024,measured,,"Ember Yearly Electricity Data, via Our World in Data 'Carbon intensity of electricity generation'",https://ourworldindata.org/grapher/carbon-intensity-electricity,
countries,country,South Korea,South Korea,ws,0.476,0-1 (Aqueduct score/5),2023,estimated,,"WRI Aqueduct 4.0 Country Rankings, baseline water stress (bws), all-sector weighting (Tot); score 0-5 divided by 5",https://files.wri.org/aqueduct/aqueduct-4-0-country-rankings.zip,
countries,country,South Korea,South Korea,aq,21.9,µg/m³ PM2.5,2023,estimated,,"World Bank WDI EN.ATM.PM25.MC.M3 (population-weighted mean annual PM2.5 exposure; underlying data GBD 2023 / IHME, satellite+model derived)",https://api.worldbank.org/v2/country/all/indicator/EN.ATM.PM25.MC.M3?format=json,
countries,country,Taiwan,Taiwan,ci,635.2,gCO2/kWh,2024,measured,,"Ember Yearly Electricity Data, via Our World in Data 'Carbon intensity of electricity generation'",https://ourworldindata.org/grapher/carbon-intensity-electricity,
countries,country,Taiwan,Taiwan,ws,,0-1 (Aqueduct score/5),2023,estimated,,Taiwan is not included in WRI Aqueduct 4.0 country or province rankings,https://files.wri.org/aqueduct/aqueduct-4-0-country-rankings.zip,exception to dataset source
countries,country,Taiwan,Taiwan,aq,12.8,µg/m³ PM2.5,2024,measured,,"Taiwan Ministry of Environment national annual average PM2.5 (station monitoring), as reported by Taipei Times 2026-03-26; ministry reports 12.8 for both 2024 and 2025. IQAir reported 17.5 (2024) and 13.3 (2025). Not directly comparable to the GBD population-weighted modelled values used for other countries.",https://www.taipeitimes.com/News/front/archives/2026/03/26/2003854484,exception to dataset source
countries,country,Mongolia,Mongolia,ci,810.7,gCO2/kWh,2024,measured,,"Ember Yearly Electricity Data, via Our World in Data 'Carbon intensity of electricity generation'",https://ourworldindata.org/grapher/carbon-intensity-electricity,
countries,country,Mongolia,Mongolia,ws,0.626,0-1 (Aqueduct score/5),2023,estimated,,"WRI Aqueduct 4.0 Country Rankings, baseline water stress (bws), all-sector weighting (Tot); score 0-5 divided by 5",https://files.wri.org/aqueduct/aqueduct-4-0-country-rankings.zip,
countries,country,Mongolia,Mongolia,aq,42.7,µg/m³ PM2.5,2023,estimated,,"World Bank WDI EN.ATM.PM25.MC.M3 (population-weighted mean annual PM2.5 exposure; underlying data GBD 2023 / IHME, satellite+model derived)",https://api.worldbank.org/v2/country/all/indicator/EN.ATM.PM25.MC.M3?format=json,
countries,country,Vietnam,Vietnam,ci,484.3,gCO2/kWh,2024,measured,,"Ember Yearly Electricity Data, via Our World in Data 'Carbon intensity of electricity generation'",https://ourworldindata.org/grapher/carbon-intensity-electricity,
countries,country,Vietnam,Vietnam,ws,0.423,0-1 (Aqueduct score/5),2023,estimated,,"WRI Aqueduct 4.0 Country Rankings, baseline water stress (bws), all-sector weighting (Tot); score 0-5 divided by 5",https://files.wri.org/aqueduct/aqueduct-4-0-country-rankings.zip,
countries,country,Vietnam,Vietnam,aq,24.8,µg/m³ PM2.5,2023,estimated,,"World Bank WDI EN.ATM.PM25.MC.M3 (population-weighted mean annual PM2.5 exposure; underlying data GBD 2023 / IHME, satellite+model derived)",https://api.worldbank.org/v2/country/all/indicator/EN.ATM.PM25.MC.M3?format=json,
countries,country,Thailand,Thailand,ci,554.7,gCO2/kWh,2024,measured,,"Ember Yearly Electricity Data, via Our World in Data 'Carbon intensity of electricity generation'",https://ourworldindata.org/grapher/carbon-intensity-electricity,
countries,country,Thailand,Thailand,ws,0.725,0-1 (Aqueduct score/5),2023,estimated,,"WRI Aqueduct 4.0 Country Rankings, baseline water stress (bws), all-sector weighting (Tot); score 0-5 divided by 5",https://files.wri.org/aqueduct/aqueduct-4-0-country-rankings.zip,
countries,country,Thailand,Thailand,aq,23.5,µg/m³ PM2.5,2023,estimated,,"World Bank WDI EN.ATM.PM25.MC.M3 (population-weighted mean annual PM2.5 exposure; underlying data GBD 2023 / IHME, satellite+model derived)",https://api.worldbank.org/v2/country/all/indicator/EN.ATM.PM25.MC.M3?format=json,
countries,country,Malaysia,Malaysia,ci,600.4,gCO2/kWh,2024,measured,,"Ember Yearly Electricity Data, via Our World in Data 'Carbon intensity of electricity generation'",https://ourworldindata.org/grapher/carbon-intensity-electricity,
countries,country,Malaysia,Malaysia,ws,0.207,0-1 (Aqueduct score/5),2023,estimated,,"WRI Aqueduct 4.0 Country Rankings, baseline water stress (bws), all-sector weighting (Tot); score 0-5 divided by 5",https://files.wri.org/aqueduct/aqueduct-4-0-country-rankings.zip,
countries,country,Malaysia,Malaysia,aq,15.9,µg/m³ PM2.5,2023,estimated,,"World Bank WDI EN.ATM.PM25.MC.M3 (population-weighted mean annual PM2.5 exposure; underlying data GBD 2023 / IHME, satellite+model derived)",https://api.worldbank.org/v2/country/all/indicator/EN.ATM.PM25.MC.M3?format=json,
countries,country,Indonesia,Indonesia,ci,680.2,gCO2/kWh,2024,measured,,"Ember Yearly Electricity Data, via Our World in Data 'Carbon intensity of electricity generation'",https://ourworldindata.org/grapher/carbon-intensity-electricity,
countries,country,Indonesia,Indonesia,ws,0.534,0-1 (Aqueduct score/5),2023,estimated,,"WRI Aqueduct 4.0 Country Rankings, baseline water stress (bws), all-sector weighting (Tot); score 0-5 divided by 5",https://files.wri.org/aqueduct/aqueduct-4-0-country-rankings.zip,
countries,country,Indonesia,Indonesia,aq,20.8,µg/m³ PM2.5,2023,estimated,,"World Bank WDI EN.ATM.PM25.MC.M3 (population-weighted mean annual PM2.5 exposure; underlying data GBD 2023 / IHME, satellite+model derived)",https://api.worldbank.org/v2/country/all/indicator/EN.ATM.PM25.MC.M3?format=json,
countries,country,Philippines,Philippines,ci,621.7,gCO2/kWh,2024,measured,,"Ember Yearly Electricity Data, via Our World in Data 'Carbon intensity of electricity generation'",https://ourworldindata.org/grapher/carbon-intensity-electricity,
countries,country,Philippines,Philippines,ws,0.405,0-1 (Aqueduct score/5),2023,estimated,,"WRI Aqueduct 4.0 Country Rankings, baseline water stress (bws), all-sector weighting (Tot); score 0-5 divided by 5",https://files.wri.org/aqueduct/aqueduct-4-0-country-rankings.zip,
countries,country,Philippines,Philippines,aq,22.2,µg/m³ PM2.5,2023,estimated,,"World Bank WDI EN.ATM.PM25.MC.M3 (population-weighted mean annual PM2.5 exposure; underlying data GBD 2023 / IHME, satellite+model derived)",https://api.worldbank.org/v2/country/all/indicator/EN.ATM.PM25.MC.M3?format=json,
countries,country,Singapore,Singapore,ci,498.7,gCO2/kWh,2024,measured,,"Ember Yearly Electricity Data, via Our World in Data 'Carbon intensity of electricity generation'",https://ourworldindata.org/grapher/carbon-intensity-electricity,
countries,country,Singapore,Singapore,ws,,0-1 (Aqueduct score/5),2023,estimated,,Aqueduct 4.0 reports 'NoData' (-9999) for Singapore baseline water stress,https://files.wri.org/aqueduct/aqueduct-4-0-country-rankings.zip,exception to dataset source
countries,country,Singapore,Singapore,aq,15.1,µg/m³ PM2.5,2023,estimated,,"World Bank WDI EN.ATM.PM25.MC.M3 (population-weighted mean annual PM2.5 exposure; underlying data GBD 2023 / IHME, satellite+model derived)",https://api.worldbank.org/v2/country/all/indicator/EN.ATM.PM25.MC.M3?format=json,
countries,country,Bangladesh,Bangladesh,ci,695.7,gCO2/kWh,2024,measured,,"Ember Yearly Electricity Data, via Our World in Data 'Carbon intensity of electricity generation'",https://ourworldindata.org/grapher/carbon-intensity-electricity,
countries,country,Bangladesh,Bangladesh,ws,0.532,0-1 (Aqueduct score/5),2023,estimated,,"WRI Aqueduct 4.0 Country Rankings, baseline water stress (bws), all-sector weighting (Tot); score 0-5 divided by 5",https://files.wri.org/aqueduct/aqueduct-4-0-country-rankings.zip,
countries,country,Bangladesh,Bangladesh,aq,69.3,µg/m³ PM2.5,2023,estimated,,"World Bank WDI EN.ATM.PM25.MC.M3 (population-weighted mean annual PM2.5 exposure; underlying data GBD 2023 / IHME, satellite+model derived)",https://api.worldbank.org/v2/country/all/indicator/EN.ATM.PM25.MC.M3?format=json,
countries,country,Pakistan,Pakistan,ci,373.7,gCO2/kWh,2024,measured,,"Ember Yearly Electricity Data, via Our World in Data 'Carbon intensity of electricity generation'",https://ourworldindata.org/grapher/carbon-intensity-electricity,
countries,country,Pakistan,Pakistan,ws,0.758,0-1 (Aqueduct score/5),2023,estimated,,"WRI Aqueduct 4.0 Country Rankings, baseline water stress (bws), all-sector weighting (Tot); score 0-5 divided by 5",https://files.wri.org/aqueduct/aqueduct-4-0-country-rankings.zip,
countries,country,Pakistan,Pakistan,aq,58.4,µg/m³ PM2.5,2023,estimated,,"World Bank WDI EN.ATM.PM25.MC.M3 (population-weighted mean annual PM2.5 exposure; underlying data GBD 2023 / IHME, satellite+model derived)",https://api.worldbank.org/v2/country/all/indicator/EN.ATM.PM25.MC.M3?format=json,
countries,country,Saudi Arabia,Saudi Arabia,ci,692.0,gCO2/kWh,2024,measured,,"Ember Yearly Electricity Data, via Our World in Data 'Carbon intensity of electricity generation'",https://ourworldindata.org/grapher/carbon-intensity-electricity,
countries,country,Saudi Arabia,Saudi Arabia,ws,0.996,0-1 (Aqueduct score/5),2023,estimated,,"WRI Aqueduct 4.0 Country Rankings, baseline water stress (bws), all-sector weighting (Tot); score 0-5 divided by 5",https://files.wri.org/aqueduct/aqueduct-4-0-country-rankings.zip,
countries,country,Saudi Arabia,Saudi Arabia,aq,73.5,µg/m³ PM2.5,2023,estimated,,"World Bank WDI EN.ATM.PM25.MC.M3 (population-weighted mean annual PM2.5 exposure; underlying data GBD 2023 / IHME, satellite+model derived)",https://api.worldbank.org/v2/country/all/indicator/EN.ATM.PM25.MC.M3?format=json,
countries,country,United Arab Emirates,United Arab Emirates,ci,467.5,gCO2/kWh,2024,measured,,"Ember Yearly Electricity Data, via Our World in Data 'Carbon intensity of electricity generation'",https://ourworldindata.org/grapher/carbon-intensity-electricity,
countries,country,United Arab Emirates,United Arab Emirates,ws,1.0,0-1 (Aqueduct score/5),2023,estimated,,"WRI Aqueduct 4.0 Country Rankings, baseline water stress (bws), all-sector weighting (Tot); score 0-5 divided by 5",https://files.wri.org/aqueduct/aqueduct-4-0-country-rankings.zip,
countries,country,United Arab Emirates,United Arab Emirates,aq,57.2,µg/m³ PM2.5,2023,estimated,,"World Bank WDI EN.ATM.PM25.MC.M3 (population-weighted mean annual PM2.5 exposure; underlying data GBD 2023 / IHME, satellite+model derived)",https://api.worldbank.org/v2/country/all/indicator/EN.ATM.PM25.MC.M3?format=json,
countries,country,Iran,Iran,ci,648.7,gCO2/kWh,2024,measured,,"Ember Yearly Electricity Data, via Our World in Data 'Carbon intensity of electricity generation'",https://ourworldindata.org/grapher/carbon-intensity-electricity,
countries,country,Iran,Iran,ws,0.931,0-1 (Aqueduct score/5),2023,estimated,,"WRI Aqueduct 4.0 Country Rankings, baseline water stress (bws), all-sector weighting (Tot); score 0-5 divided by 5",https://files.wri.org/aqueduct/aqueduct-4-0-country-rankings.zip,
countries,country,Iran,Iran,aq,40.2,µg/m³ PM2.5,2023,estimated,,"World Bank WDI EN.ATM.PM25.MC.M3 (population-weighted mean annual PM2.5 exposure; underlying data GBD 2023 / IHME, satellite+model derived)",https://api.worldbank.org/v2/country/all/indicator/EN.ATM.PM25.MC.M3?format=json,
countries,country,Iraq,Iraq,ci,683.1,gCO2/kWh,2024,measured,,"Ember Yearly Electricity Data, via Our World in Data 'Carbon intensity of electricity generation'",https://ourworldindata.org/grapher/carbon-intensity-electricity,
countries,country,Iraq,Iraq,ws,0.829,0-1 (Aqueduct score/5),2023,estimated,,"WRI Aqueduct 4.0 Country Rankings, baseline water stress (bws), all-sector weighting (Tot); score 0-5 divided by 5",https://files.wri.org/aqueduct/aqueduct-4-0-country-rankings.zip,
countries,country,Iraq,Iraq,aq,49.5,µg/m³ PM2.5,2023,estimated,,"World Bank WDI EN.ATM.PM25.MC.M3 (population-weighted mean annual PM2.5 exposure; underlying data GBD 2023 / IHME, satellite+model derived)",https://api.worldbank.org/v2/country/all/indicator/EN.ATM.PM25.MC.M3?format=json,
countries,country,Israel,Israel,ci,540.5,gCO2/kWh,2024,measured,,"Ember Yearly Electricity Data, via Our World in Data 'Carbon intensity of electricity generation'",https://ourworldindata.org/grapher/carbon-intensity-electricity,
countries,country,Israel,Israel,ws,0.988,0-1 (Aqueduct score/5),2023,estimated,,"WRI Aqueduct 4.0 Country Rankings, baseline water stress (bws), all-sector weighting (Tot); score 0-5 divided by 5",https://files.wri.org/aqueduct/aqueduct-4-0-country-rankings.zip,
countries,country,Israel,Israel,aq,21.9,µg/m³ PM2.5,2023,estimated,,"World Bank WDI EN.ATM.PM25.MC.M3 (population-weighted mean annual PM2.5 exposure; underlying data GBD 2023 / IHME, satellite+model derived)",https://api.worldbank.org/v2/country/all/indicator/EN.ATM.PM25.MC.M3?format=json,
countries,country,Egypt,Egypt,ci,574.5,gCO2/kWh,2024,measured,,"Ember Yearly Electricity Data, via Our World in Data 'Carbon intensity of electricity generation'",https://ourworldindata.org/grapher/carbon-intensity-electricity,
countries,country,Egypt,Egypt,ws,0.97,0-1 (Aqueduct score/5),2023,estimated,,"WRI Aqueduct 4.0 Country Rankings, baseline water stress (bws), all-sector weighting (Tot); score 0-5 divided by 5",https://files.wri.org/aqueduct/aqueduct-4-0-country-rankings.zip,
countries,country,Egypt,Egypt,aq,43.1,µg/m³ PM2.5,2023,estimated,,"World Bank WDI EN.ATM.PM25.MC.M3 (population-weighted mean annual PM2.5 exposure; underlying data GBD 2023 / IHME, satellite+model derived)",https://api.worldbank.org/v2/country/all/indicator/EN.ATM.PM25.MC.M3?format=json,
countries,country,Morocco,Morocco,ci,594.8,gCO2/kWh,2024,measured,,"Ember Yearly Electricity Data, via Our World in Data 'Carbon intensity of electricity generation'",https://ourworldindata.org/grapher/carbon-intensity-electricity,
countries,country,Morocco,Morocco,ws,0.798,0-1 (Aqueduct score/5),2023,estimated,,"WRI Aqueduct 4.0 Country Rankings, baseline water stress (bws), all-sector weighting (Tot); score 0-5 divided by 5",https://files.wri.org/aqueduct/aqueduct-4-0-country-rankings.zip,
countries,country,Morocco,Morocco,aq,18.7,µg/m³ PM2.5,2023,estimated,,"World Bank WDI EN.ATM.PM25.MC.M3 (population-weighted mean annual PM2.5 exposure; underlying data GBD 2023 / IHME, satellite+model derived)",https://api.worldbank.org/v2/country/all/indicator/EN.ATM.PM25.MC.M3?format=json,
countries,country,Algeria,Algeria,ci,632.9,gCO2/kWh,2024,measured,,"Ember Yearly Electricity Data, via Our World in Data 'Carbon intensity of electricity generation'",https://ourworldindata.org/grapher/carbon-intensity-electricity,
countries,country,Algeria,Algeria,ws,0.775,0-1 (Aqueduct score/5),2023,estimated,,"WRI Aqueduct 4.0 Country Rankings, baseline water stress (bws), all-sector weighting (Tot); score 0-5 divided by 5",https://files.wri.org/aqueduct/aqueduct-4-0-country-rankings.zip,
countries,country,Algeria,Algeria,aq,16.5,µg/m³ PM2.5,2023,estimated,,"World Bank WDI EN.ATM.PM25.MC.M3 (population-weighted mean annual PM2.5 exposure; underlying data GBD 2023 / IHME, satellite+model derived)",https://api.worldbank.org/v2/country/all/indicator/EN.ATM.PM25.MC.M3?format=json,
countries,country,Nigeria,Nigeria,ci,495.7,gCO2/kWh,2024,measured,,"Ember Yearly Electricity Data, via Our World in Data 'Carbon intensity of electricity generation'",https://ourworldindata.org/grapher/carbon-intensity-electricity,
countries,country,Nigeria,Nigeria,ws,0.16,0-1 (Aqueduct score/5),2023,estimated,,"WRI Aqueduct 4.0 Country Rankings, baseline water stress (bws), all-sector weighting (Tot); score 0-5 divided by 5",https://files.wri.org/aqueduct/aqueduct-4-0-country-rankings.zip,
countries,country,Nigeria,Nigeria,aq,65.7,µg/m³ PM2.5,2023,estimated,,"World Bank WDI EN.ATM.PM25.MC.M3 (population-weighted mean annual PM2.5 exposure; underlying data GBD 2023 / IHME, satellite+model derived)",https://api.worldbank.org/v2/country/all/indicator/EN.ATM.PM25.MC.M3?format=json,
countries,country,South Africa,South Africa,ci,717.4,gCO2/kWh,2024,measured,,"Ember Yearly Electricity Data, via Our World in Data 'Carbon intensity of electricity generation'",https://ourworldindata.org/grapher/carbon-intensity-electricity,
countries,country,South Africa,South Africa,ws,0.834,0-1 (Aqueduct score/5),2023,estimated,,"WRI Aqueduct 4.0 Country Rankings, baseline water stress (bws), all-sector weighting (Tot); score 0-5 divided by 5",https://files.wri.org/aqueduct/aqueduct-4-0-country-rankings.zip,
countries,country,South Africa,South Africa,aq,27.7,µg/m³ PM2.5,2023,estimated,,"World Bank WDI EN.ATM.PM25.MC.M3 (population-weighted mean annual PM2.5 exposure; underlying data GBD 2023 / IHME, satellite+model derived)",https://api.worldbank.org/v2/country/all/indicator/EN.ATM.PM25.MC.M3?format=json,
countries,country,Kenya,Kenya,ci,85.2,gCO2/kWh,2024,measured,,"Ember Yearly Electricity Data, via Our World in Data 'Carbon intensity of electricity generation'",https://ourworldindata.org/grapher/carbon-intensity-electricity,
countries,country,Kenya,Kenya,ws,0.158,0-1 (Aqueduct score/5),2023,estimated,,"WRI Aqueduct 4.0 Country Rankings, baseline water stress (bws), all-sector weighting (Tot); score 0-5 divided by 5",https://files.wri.org/aqueduct/aqueduct-4-0-country-rankings.zip,
countries,country,Kenya,Kenya,aq,20.3,µg/m³ PM2.5,2023,estimated,,"World Bank WDI EN.ATM.PM25.MC.M3 (population-weighted mean annual PM2.5 exposure; underlying data GBD 2023 / IHME, satellite+model derived)",https://api.worldbank.org/v2/country/all/indicator/EN.ATM.PM25.MC.M3?format=json,
countries,country,Ethiopia,Ethiopia,ci,23.4,gCO2/kWh,2024,measured,,"Ember Yearly Electricity Data, via Our World in Data 'Carbon intensity of electricity generation'",https://ourworldindata.org/grapher/carbon-intensity-electricity,
countries,country,Ethiopia,Ethiopia,ws,0.192,0-1 (Aqueduct score/5),2023,estimated,,"WRI Aqueduct 4.0 Country Rankings, baseline water stress (bws), all-sector weighting (Tot); score 0-5 divided by 5",https://files.wri.org/aqueduct/aqueduct-4-0-country-rankings.zip,
countries,country,Ethiopia,Ethiopia,aq,23.8,µg/m³ PM2.5,2023,estimated,,"World Bank WDI EN.ATM.PM25.MC.M3 (population-weighted mean annual PM2.5 exposure; underlying data GBD 2023 / IHME, satellite+model derived)",https://api.worldbank.org/v2/country/all/indicator/EN.ATM.PM25.MC.M3?format=json,
countries,country,Ghana,Ghana,ci,468.9,gCO2/kWh,2024,measured,,"Ember Yearly Electricity Data, via Our World in Data 'Carbon intensity of electricity generation'",https://ourworldindata.org/grapher/carbon-intensity-electricity,
countries,country,Ghana,Ghana,ws,0.022,0-1 (Aqueduct score/5),2023,estimated,,"WRI Aqueduct 4.0 Country Rankings, baseline water stress (bws), all-sector weighting (Tot); score 0-5 divided by 5",https://files.wri.org/aqueduct/aqueduct-4-0-country-rankings.zip,
countries,country,Ghana,Ghana,aq,28.1,µg/m³ PM2.5,2023,estimated,,"World Bank WDI EN.ATM.PM25.MC.M3 (population-weighted mean annual PM2.5 exposure; underlying data GBD 2023 / IHME, satellite+model derived)",https://api.worldbank.org/v2/country/all/indicator/EN.ATM.PM25.MC.M3?format=json,
countries,country,Tanzania,Tanzania,ci,345.0,gCO2/kWh,2024,measured,,"Ember Yearly Electricity Data, via Our World in Data 'Carbon intensity of electricity generation'",https://ourworldindata.org/grapher/carbon-intensity-electricity,
countries,country,Tanzania,Tanzania,ws,0.381,0-1 (Aqueduct score/5),2023,estimated,,"WRI Aqueduct 4.0 Country Rankings, baseline water stress (bws), all-sector weighting (Tot); score 0-5 divided by 5",https://files.wri.org/aqueduct/aqueduct-4-0-country-rankings.zip,
countries,country,Tanzania,Tanzania,aq,20.2,µg/m³ PM2.5,2023,estimated,,"World Bank WDI EN.ATM.PM25.MC.M3 (population-weighted mean annual PM2.5 exposure; underlying data GBD 2023 / IHME, satellite+model derived)",https://api.worldbank.org/v2/country/all/indicator/EN.ATM.PM25.MC.M3?format=json,
countries,country,Angola,Angola,ci,185.4,gCO2/kWh,2024,measured,,"Ember Yearly Electricity Data, via Our World in Data 'Carbon intensity of electricity generation'",https://ourworldindata.org/grapher/carbon-intensity-electricity,
countries,country,Angola,Angola,ws,0.226,0-1 (Aqueduct score/5),2023,estimated,,"WRI Aqueduct 4.0 Country Rankings, baseline water stress (bws), all-sector weighting (Tot); score 0-5 divided by 5",https://files.wri.org/aqueduct/aqueduct-4-0-country-rankings.zip,
countries,country,Angola,Angola,aq,19.9,µg/m³ PM2.5,2023,estimated,,"World Bank WDI EN.ATM.PM25.MC.M3 (population-weighted mean annual PM2.5 exposure; underlying data GBD 2023 / IHME, satellite+model derived)",https://api.worldbank.org/v2/country/all/indicator/EN.ATM.PM25.MC.M3?format=json,
countries,country,Australia,Australia,ci,553.8,gCO2/kWh,2024,measured,,"Ember Yearly Electricity Data, via Our World in Data 'Carbon intensity of electricity generation'",https://ourworldindata.org/grapher/carbon-intensity-electricity,
countries,country,Australia,Australia,ws,0.581,0-1 (Aqueduct score/5),2023,estimated,,"WRI Aqueduct 4.0 Country Rankings, baseline water stress (bws), all-sector weighting (Tot); score 0-5 divided by 5",https://files.wri.org/aqueduct/aqueduct-4-0-country-rankings.zip,
countries,country,Australia,Australia,aq,6.4,µg/m³ PM2.5,2023,estimated,,"World Bank WDI EN.ATM.PM25.MC.M3 (population-weighted mean annual PM2.5 exposure; underlying data GBD 2023 / IHME, satellite+model derived)",https://api.worldbank.org/v2/country/all/indicator/EN.ATM.PM25.MC.M3?format=json,
countries,country,New Zealand,New Zealand,ci,112.0,gCO2/kWh,2024,measured,,"Ember Yearly Electricity Data, via Our World in Data 'Carbon intensity of electricity generation'",https://ourworldindata.org/grapher/carbon-intensity-electricity,
countries,country,New Zealand,New Zealand,ws,0.01,0-1 (Aqueduct score/5),2023,estimated,,"WRI Aqueduct 4.0 Country Rankings, baseline water stress (bws), all-sector weighting (Tot); score 0-5 divided by 5",https://files.wri.org/aqueduct/aqueduct-4-0-country-rankings.zip,
countries,country,New Zealand,New Zealand,aq,6.9,µg/m³ PM2.5,2023,estimated,,"World Bank WDI EN.ATM.PM25.MC.M3 (population-weighted mean annual PM2.5 exposure; underlying data GBD 2023 / IHME, satellite+model derived)",https://api.worldbank.org/v2/country/all/indicator/EN.ATM.PM25.MC.M3?format=json,
fab-water,company,tsmc-2025,tsmc-2025,water_per_kwh,5.25,L/kWh (total water usage / total electricity),2025,estimated,,"TSMC 2025 Annual Report, Ch.7 (Corporate Social Responsibility): 'TSMC Water Usage in Recent Two Years' table (Total Water Usage, million m3; Note 1: Taiwan fabs and subsidiaries, city water + reclaimed water) and 'Used 5,780 GWh in renewable energy ... renewable energy use to 20.1%'. 2023 figures from TSMC 2024 Annual Report p.159.",https://investor.tsmc.com/static/annualReports/2025/english/pdf/2025_tsmc_ar_e_ch7.pdf,"Derived by me: 151e9 L / (5,780 GWh / 0.201 = ~28,756 GWh) = ~5.25 L/kWh. 'Water usage' is intake (withdrawal-like: city + reclaimed water), not consumption; much of it returns as treated wastewater. This is ~20x a typical temperate data-center WUE and ~2-3x even Singapore DC WUE. Per-wafer intensity (153 L per 12-inch-equivalent wafer mask layer) is the more physical basis if the model tracks wafer output. | {""total_water_usage_million_m3"": {""2025"": 151, ""2024"": 129, ""2023"": 114}, ""unit_water_L_per_12in_wafer_layer"": {""2025"": 153.3, ""2024"": 161.0, ""2023"": 176.4}, ""renewable_energy_GWh_2025"": 5780, ""renewable_share_2025"": 0.201, ""derived_total_electricity_GWh_2025"": 28756}"
fab-water,company,tsmc-2024,tsmc-2024,water_per_kwh,4.7,L/kWh (total water usage / total energy incl. natural gas & diesel),2024,estimated,,"Water: TSMC 2024 Annual Report p.159 ('Total Water Usage' 129 million m3). Energy: TSMC 2024 Sustainability Report (total energy 27,456 GWh; purchased electricity ~93.0%, natural gas 6.9%, diesel 0.1%).",https://investor.tsmc.com/static/annualReports/2024/english/ebook/files/basic-html/page159.html,"Derived by me: 129e9 L / 27,456e6 kWh = 4.70 L/kWh of total energy; ~5.05 L/kWh per kWh of purchased electricity (x/0.93). The 27,456 GWh figure was taken from search-result excerpts of the 2024 Sustainability Report (the PDF at https://esg.tsmc.com/en-US/file/public/2024-TSMC-Sustainability-Report-e.pdf blocked automated download) - verify before relying on it. Consistent with the 2025 derivation (~5 L/kWh). | {""total_water_usage_million_m3_2024"": 129, ""total_energy_GWh_2024"": 27456, ""purchased_electricity_share_2024"": 0.93}"
